ap_syndicated,collect_date,feeds,guid,language,media_id,media_name,media_url,metadata,processed_stories_id,publish_date,stories_id,story_tags,title,url,word_count
False,2022-08-10 22:31:24.613190,,https://www.spiegel.de/wirtschaft/christian-lindner-verteidigt-steuerplaene-im-zdf-heute-journal-als-sozial-ausgewogen-a-41ece224-da99-4ce3-971b-688abef942e0,de,19831,Spiegel,http://www.spiegel.de,"{'date_guess_method': None, 'extractor_version': {'stories_id': 2390749745, 'tag': 'readability-lxml-0.8.1', 'tag_set': 'extractor_version', 'tag_sets_id': 1354, 'tags_id': 228516910}, 'geocoder_version': None, 'nyt_themes_version': None}",2781460183,2022-08-10 20:40:16,2390749745,"[{'stories_id': 2390749745, 'tag': 'readability-lxml-0.8.1', 'tag_set': 'extractor_version', 'tag_sets_id': 1354, 'tags_id': 228516910}]",Christian Lindner verteidigt SteuerplÃ¤ne im ZDF-Â»heute journalÂ« als Â»sozial ausgewogenÂ«,https://www.spiegel.de/wirtschaft/christian-lindner-verteidigt-steuerplaene-im-zdf-heute-journal-als-sozial-ausgewogen-a-41ece224-da99-4ce3-971b-688abef942e0#ref=rss,
False,2022-08-11 06:04:17.778274,,https://www.spiegel.de/politik/deutschland/inflation-friedrich-merz-wirft-olaf-scholz-mangelnden-willen-zur-zusammenarbeit-vor-a-ecd4df50-65c9-41fc-8e53-773a7608074b,de,19831,Spiegel,http://www.spiegel.de,"{'date_guess_method': None, 'extractor_version': {'stories_id': 2390992614, 'tag': 'readability-lxml-0.8.1', 'tag_set': 'extractor_version', 'tag_sets_id': 1354, 'tags_id': 228516910}, 'geocoder_version': None, 'nyt_themes_version': None}",2781684930,2022-08-11 05:42:31,2390992614,"[{'stories_id': 2390992614, 'tag': 'readability-lxml-0.8.1', 'tag_set': 'extractor_version', 'tag_sets_id': 1354, 'tags_id': 228516910}]",Inflation: Friedrich Merz wirft Olaf Scholz mangelnden Willen zur Zusammenarbeit vor,https://www.spiegel.de/politik/deutschland/inflation-friedrich-merz-wirft-olaf-scholz-mangelnden-willen-zur-zusammenarbeit-vor-a-ecd4df50-65c9-41fc-8e53-773a7608074b#ref=rss,
False,2022-08-19 01:04:14.338421,,https://www.spiegel.de/politik/deutschland/christian-lindner-will-entlastungspaket-unterer-zweistelliger-milliardenbetrag-a-3973bd40-2739-4969-b3cd-b181dc9f5f59,de,19831,Spiegel,http://www.spiegel.de,"{'date_guess_method': None, 'extractor_version': {'stories_id': 2397617362, 'tag': 'readability-lxml-0.8.1', 'tag_set': 'extractor_version', 'tag_sets_id': 1354, 'tags_id': 228516910}, 'geocoder_version': None, 'nyt_themes_version': None}",2787580519,2022-08-19 00:56:51,2397617362,"[{'stories_id': 2397617362, 'tag': 'readability-lxml-0.8.1', 'tag_set': 'extractor_version', 'tag_sets_id': 1354, 'tags_id': 228516910}]",Christian Lindner will Entlastungspaket - unterer zweistelliger Milliardenbetrag,https://www.spiegel.de/politik/deutschland/christian-lindner-will-entlastungspaket-unterer-zweistelliger-milliardenbetrag-a-3973bd40-2739-4969-b3cd-b181dc9f5f59#ref=rss,
False,2022-08-26 15:37:03.870720,,https://www.spiegel.de/politik/deutschland/olaf-scholz-will-wohngeld-zum-jahreswechsel-ausweiten-a-29dd5d78-4a4a-4cfb-abc3-dfb0ec05f627,de,19831,Spiegel,http://www.spiegel.de,"{'date_guess_method': None, 'extractor_version': {'stories_id': 2404490693, 'tag': 'readability-lxml-0.8.1', 'tag_set': 'extractor_version', 'tag_sets_id': 1354, 'tags_id': 228516910}, 'geocoder_version': None, 'nyt_themes_version': None}",2793747351,2022-08-26 15:27:46,2404490693,"[{'stories_id': 2404490693, 'tag': 'readability-lxml-0.8.1', 'tag_set': 'extractor_version', 'tag_sets_id': 1354, 'tags_id': 228516910}]",Olaf Scholz will Wohngeld zum Jahreswechsel ausweiten,https://www.spiegel.de/politik/deutschland/olaf-scholz-will-wohngeld-zum-jahreswechsel-ausweiten-a-29dd5d78-4a4a-4cfb-abc3-dfb0ec05f627#ref=rss,
False,2022-09-04 05:59:35.810248,,https://www.spiegel.de/politik/das-dritte-entlastungspaket-der-ampel-so-sollen-die-buerger-konkret-entlastet-werden-a-c7604ccd-7bf6-472f-98e7-a7c98ffb2ff3,de,19831,Spiegel,http://www.spiegel.de,"{'date_guess_method': None, 'extractor_version': {'stories_id': 2411747878, 'tag': 'readability-lxml-0.8.1', 'tag_set': 'extractor_version', 'tag_sets_id': 1354, 'tags_id': 228516910}, 'geocoder_version': None, 'nyt_themes_version': None}",2800197806,2022-09-04 05:35:18,2411747878,"[{'stories_id': 2411747878, 'tag': 'readability-lxml-0.8.1', 'tag_set': 'extractor_version', 'tag_sets_id': 1354, 'tags_id': 228516910}]",Das dritte Entlastungspaket der Ampel: So sollen die BÃ¼rger konkret entlastet werden,https://www.spiegel.de/politik/das-dritte-entlastungspaket-der-ampel-so-sollen-die-buerger-konkret-entlastet-werden-a-c7604ccd-7bf6-472f-98e7-a7c98ffb2ff3#ref=rss,
False,2022-09-10 13:43:06.697618,,https://www.spiegel.de/wirtschaft/soziales/alleinstehende-sollen-monatlich-502-euro-buergergeld-bekommen-a-bbc1f67d-991f-44b0-92ee-7059cfb25164,de,19831,Spiegel,http://www.spiegel.de,"{'date_guess_method': None, 'extractor_version': {'stories_id': 2417505046, 'tag': 'readability-lxml-0.8.1', 'tag_set': 'extractor_version', 'tag_sets_id': 1354, 'tags_id': 228516910}, 'geocoder_version': None, 'nyt_themes_version': None}",2805301395,2022-09-10 13:00:00,2417505046,"[{'stories_id': 2417505046, 'tag': 'readability-lxml-0.8.1', 'tag_set': 'extractor_version', 'tag_sets_id': 1354, 'tags_id': 228516910}]",Alleinstehende sollen monatlich 502 Euro BÃ¼rgergeld bekommen,https://www.spiegel.de/wirtschaft/soziales/alleinstehende-sollen-monatlich-502-euro-buergergeld-bekommen-a-bbc1f67d-991f-44b0-92ee-7059cfb25164#ref=rss,
False,2022-09-12 01:01:25.959631,,https://www.spiegel.de/wirtschaft/soziales/buergergeld-handwerk-kritisiert-regelsatz-als-zu-hoch-a-e54c0f20-bc5c-4e0c-9cba-0dcd0b6caa5a,de,19831,Spiegel,http://www.spiegel.de,"{'date_guess_method': None, 'extractor_version': {'stories_id': 2418448223, 'tag': 'readability-lxml-0.8.1', 'tag_set': 'extractor_version', 'tag_sets_id': 1354, 'tags_id': 228516910}, 'geocoder_version': None, 'nyt_themes_version': None}",2806090884,2022-09-12 00:49:25,2418448223,"[{'stories_id': 2418448223, 'tag': 'readability-lxml-0.8.1', 'tag_set': 'extractor_version', 'tag_sets_id': 1354, 'tags_id': 228516910}]",BÃ¼rgergeld: Handwerk kritisiert Regelsatz als zu hoch,https://www.spiegel.de/wirtschaft/soziales/buergergeld-handwerk-kritisiert-regelsatz-als-zu-hoch-a-e54c0f20-bc5c-4e0c-9cba-0dcd0b6caa5a#ref=rss,
False,2022-09-12 09:05:26.953001,,https://www.spiegel.de/wirtschaft/kritik-an-buergergeld-die-zeichen-der-zeit-nicht-verstanden-a-2976d839-4dec-4aca-8a61-c5f1d265a308,de,19831,Spiegel,http://www.spiegel.de,"{'date_guess_method': None, 'extractor_version': {'stories_id': 2418773275, 'tag': 'readability-lxml-0.8.1', 'tag_set': 'extractor_version', 'tag_sets_id': 1354, 'tags_id': 228516910}, 'geocoder_version': None, 'nyt_themes_version': None}",2806399220,2022-09-12 08:45:10,2418773275,"[{'stories_id': 2418773275, 'tag': 'readability-lxml-0.8.1', 'tag_set': 'extractor_version', 'tag_sets_id': 1354, 'tags_id': 228516910}]",Kritik an BÃ¼rgergeld: Die Zeichen der Zeit nicht verstanden,https://www.spiegel.de/wirtschaft/kritik-an-buergergeld-die-zeichen-der-zeit-nicht-verstanden-a-2976d839-4dec-4aca-8a61-c5f1d265a308#ref=rss,
False,2022-09-12 11:05:59.110895,,https://www.spiegel.de/wirtschaft/hartz-iv-sanktionen-laut-studie-wirkungslos-a-e8427fea-3375-45a7-83e9-a438d1f000f1,de,19831,Spiegel,http://www.spiegel.de,"{'date_guess_method': None, 'extractor_version': {'stories_id': 2418876654, 'tag': 'readability-lxml-0.8.1', 'tag_set': 'extractor_version', 'tag_sets_id': 1354, 'tags_id': 228516910}, 'geocoder_version': None, 'nyt_themes_version': None}",2806491186,2022-09-12 10:50:23,2418876654,"[{'stories_id': 2418876654, 'tag': 'readability-lxml-0.8.1', 'tag_set': 'extractor_version', 'tag_sets_id': 1354, 'tags_id': 228516910}]",Hartz IV Sanktionen laut Studie wirkungslos,https://www.spiegel.de/wirtschaft/hartz-iv-sanktionen-laut-studie-wirkungslos-a-e8427fea-3375-45a7-83e9-a438d1f000f1#ref=rss,
False,2022-09-12 14:05:16.016867,,https://www.spiegel.de/politik/deutschland/news-buergergeld-ukrainische-gegenoffensive-tinder-a-434dc9d6-79c3-4305-9e4c-a44a29408eb3,de,19831,Spiegel,http://www.spiegel.de,"{'date_guess_method': None, 'extractor_version': {'stories_id': 2419022220, 'tag': 'readability-lxml-0.8.1', 'tag_set': 'extractor_version', 'tag_sets_id': 1354, 'tags_id': 228516910}, 'geocoder_version': None, 'nyt_themes_version': None}",2806620709,2022-09-12 12:32:00,2419022220,"[{'stories_id': 2419022220, 'tag': 'readability-lxml-0.8.1', 'tag_set': 'extractor_version', 'tag_sets_id': 1354, 'tags_id': 228516910}]","News: BÃ¼rgergeld, Ukrainische Gegenoffensive, Tinder",https://www.spiegel.de/politik/deutschland/news-buergergeld-ukrainische-gegenoffensive-tinder-a-434dc9d6-79c3-4305-9e4c-a44a29408eb3#ref=rss,
False,2022-09-13 01:02:12.899239,,https://www.spiegel.de/wirtschaft/sozialverband-haelt-geplante-buergergeld-regelsaetze-fuer-zu-niedrig-a-704c6e96-a9d4-4080-873c-0c65dec84ff6,de,19831,Spiegel,http://www.spiegel.de,"{'date_guess_method': None, 'extractor_version': {'stories_id': 2419385452, 'tag': 'readability-lxml-0.8.1', 'tag_set': 'extractor_version', 'tag_sets_id': 1354, 'tags_id': 228516910}, 'geocoder_version': None, 'nyt_themes_version': None}",2806925381,2022-09-13 00:45:22,2419385452,"[{'stories_id': 2419385452, 'tag': 'readability-lxml-0.8.1', 'tag_set': 'extractor_version', 'tag_sets_id': 1354, 'tags_id': 228516910}]",Sozialverband hÃ¤lt geplante BÃ¼rgergeld-RegelsÃ¤tze fÃ¼r zu niedrig,https://www.spiegel.de/wirtschaft/sozialverband-haelt-geplante-buergergeld-regelsaetze-fuer-zu-niedrig-a-704c6e96-a9d4-4080-873c-0c65dec84ff6#ref=rss,
False,2022-09-14 00:31:46.061917,,https://www.spiegel.de/politik/deutschland/news-buergergeld-hartz-iv-die-linke-sahra-wagenknecht-winfried-kretschmann-energie-a-82d8d7c6-106f-4aa1-bf7e-69cb4f4fe1c5,de,19831,Spiegel,http://www.spiegel.de,"{'date_guess_method': None, 'extractor_version': {'stories_id': 2420369471, 'tag': 'readability-lxml-0.8.1', 'tag_set': 'extractor_version', 'tag_sets_id': 1354, 'tags_id': 228516910}, 'geocoder_version': None, 'nyt_themes_version': None}",2807798357,2022-09-13 23:42:15,2420369471,"[{'stories_id': 2420369471, 'tag': 'readability-lxml-0.8.1', 'tag_set': 'extractor_version', 'tag_sets_id': 1354, 'tags_id': 228516910}]","News: BÃ¼rgergeld, Hartz IV, Die Linke, Sahra Wagenknecht, Winfried Kretschmann, Energie",https://www.spiegel.de/politik/deutschland/news-buergergeld-hartz-iv-die-linke-sahra-wagenknecht-winfried-kretschmann-energie-a-82d8d7c6-106f-4aa1-bf7e-69cb4f4fe1c5#ref=rss,
False,2022-09-14 04:50:02.798891,,https://www.spiegel.de/wirtschaft/soziales/so-funktioniert-das-neue-buergergeld-a-a3601c84-18ac-4da9-ba49-52cec2f29607,de,19831,Spiegel,http://www.spiegel.de,"{'date_guess_method': None, 'extractor_version': {'stories_id': 2420505898, 'tag': 'readability-lxml-0.8.1', 'tag_set': 'extractor_version', 'tag_sets_id': 1354, 'tags_id': 228516910}, 'geocoder_version': None, 'nyt_themes_version': None}",2807927651,2022-09-14 03:59:30,2420505898,"[{'stories_id': 2420505898, 'tag': 'readability-lxml-0.8.1', 'tag_set': 'extractor_version', 'tag_sets_id': 1354, 'tags_id': 228516910}]",So funktioniert das neue BÃ¼rgergeld,https://www.spiegel.de/wirtschaft/soziales/so-funktioniert-das-neue-buergergeld-a-a3601c84-18ac-4da9-ba49-52cec2f29607#ref=rss,
False,2022-09-14 06:04:41.276450,,https://www.spiegel.de/politik/deutschland/buergergeld-kabinett-bringt-gesetz-auf-den-weg-a-4c698318-db07-46ac-bd5a-89b51c133103,de,19831,Spiegel,http://www.spiegel.de,"{'date_guess_method': None, 'extractor_version': {'stories_id': 2420574560, 'tag': 'readability-lxml-0.8.1', 'tag_set': 'extractor_version', 'tag_sets_id': 1354, 'tags_id': 228516910}, 'geocoder_version': None, 'nyt_themes_version': None}",2807992355,2022-09-14 05:55:36,2420574560,"[{'stories_id': 2420574560, 'tag': 'readability-lxml-0.8.1', 'tag_set': 'extractor_version', 'tag_sets_id': 1354, 'tags_id': 228516910}]",BÃ¼rgergeld: Kabinett bringt Gesetz auf den Weg,https://www.spiegel.de/politik/deutschland/buergergeld-kabinett-bringt-gesetz-auf-den-weg-a-4c698318-db07-46ac-bd5a-89b51c133103#ref=rss,
False,2022-10-08 08:05:34.118414,,https://www.spiegel.de/deinspiegel/fuer-kinder-erklaert-wann-ist-man-arm-a-001d99aa-a6ed-4015-8089-1c0e896402fb,de,19831,Spiegel,http://www.spiegel.de,"{'date_guess_method': None, 'extractor_version': {'stories_id': 2442289435, 'tag': 'readability-lxml-0.8.1', 'tag_set': 'extractor_version', 'tag_sets_id': 1354, 'tags_id': 228516910}, 'geocoder_version': None, 'nyt_themes_version': None}",2827215353,2022-10-08 06:02:45,2442289435,"[{'stories_id': 2442289435, 'tag': 'readability-lxml-0.8.1', 'tag_set': 'extractor_version', 'tag_sets_id': 1354, 'tags_id': 228516910}]",FÃ¼r Kinder erklÃ¤rt: Wann ist man arm?,https://www.spiegel.de/deinspiegel/fuer-kinder-erklaert-wann-ist-man-arm-a-001d99aa-a6ed-4015-8089-1c0e896402fb#ref=rss,
False,2022-10-17 02:01:26.301296,,https://www.spiegel.de/wirtschaft/gutachten-bundesrechnungshof-warnt-vor-missbrauch-bei-buergergeld-a-59a582eb-2e43-4805-b53a-2b2017aecbb8,de,19831,Spiegel,http://www.spiegel.de,"{'date_guess_method': None, 'extractor_version': {'stories_id': 2449797319, 'tag': 'readability-lxml-0.8.1', 'tag_set': 'extractor_version', 'tag_sets_id': 1354, 'tags_id': 228516910}, 'geocoder_version': None, 'nyt_themes_version': None}",2833864732,2022-10-17 00:55:00,2449797319,"[{'stories_id': 2449797319, 'tag': 'readability-lxml-0.8.1', 'tag_set': 'extractor_version', 'tag_sets_id': 1354, 'tags_id': 228516910}]",Gutachten: Bundesrechnungshof warnt vor Missbrauch bei BÃ¼rgergeld,https://www.spiegel.de/wirtschaft/gutachten-bundesrechnungshof-warnt-vor-missbrauch-bei-buergergeld-a-59a582eb-2e43-4805-b53a-2b2017aecbb8#ref=rss,
False,2022-10-24 13:08:49.808931,,https://www.spiegel.de/familie/iris-sayram-ueber-ihre-kindheit-in-armut-ich-haette-mir-lieber-einen-nagel-ins-knie-gerammt-als-zuzugeben-wie-wir-leben-a-7d8adf57-07ee-4179-9abb-6b05dd2b5492,de,19831,Spiegel,http://www.spiegel.de,"{'date_guess_method': None, 'extractor_version': {'stories_id': 2457114158, 'tag': 'readability-lxml-0.8.1', 'tag_set': 'extractor_version', 'tag_sets_id': 1354, 'tags_id': 228516910}, 'geocoder_version': None, 'nyt_themes_version': None}",2840427191,2022-10-24 12:43:07,2457114158,"[{'stories_id': 2457114158, 'tag': 'readability-lxml-0.8.1', 'tag_set': 'extractor_version', 'tag_sets_id': 1354, 'tags_id': 228516910}]","Iris Sayram Ã¼ber ihre Kindheit in Armut: Â»Ich hÃ¤tte mir lieber einen Nagel ins Knie gerammt, als zuzugeben, wie wir lebenÂ«",https://www.spiegel.de/familie/iris-sayram-ueber-ihre-kindheit-in-armut-ich-haette-mir-lieber-einen-nagel-ins-knie-gerammt-als-zuzugeben-wie-wir-leben-a-7d8adf57-07ee-4179-9abb-6b05dd2b5492#ref=rss,
False,2022-10-29 04:59:51.006241,,https://www.spiegel.de/wirtschaft/soziales/buergergeld-jobcenter-personalraete-fordern-verschiebung-a-211de9db-5527-4518-b10e-df85c665993e,de,19831,Spiegel,http://www.spiegel.de,"{'date_guess_method': None, 'extractor_version': {'stories_id': 2461962241, 'tag': 'readability-lxml-0.8.1', 'tag_set': 'extractor_version', 'tag_sets_id': 1354, 'tags_id': 228516910}, 'geocoder_version': None, 'nyt_themes_version': None}",2844787478,2022-10-29 03:49:18,2461962241,"[{'stories_id': 2461962241, 'tag': 'readability-lxml-0.8.1', 'tag_set': 'extractor_version', 'tag_sets_id': 1354, 'tags_id': 228516910}]",BÃ¼rgergeld: Jobcenter-PersonalrÃ¤te fordern Verschiebung,https://www.spiegel.de/wirtschaft/soziales/buergergeld-jobcenter-personalraete-fordern-verschiebung-a-211de9db-5527-4518-b10e-df85c665993e#ref=rss,
False,2022-10-31 03:00:52.957961,,https://www.spiegel.de/politik/deutschland/buergergeld-ampel-parteien-warnten-union-vor-blockade-im-bundesrat-a-35bbc119-b6c0-4bae-b288-b75401159b7d,de,19831,Spiegel,http://www.spiegel.de,"{'date_guess_method': None, 'extractor_version': {'stories_id': 2463383932, 'tag': 'readability-lxml-0.8.1', 'tag_set': 'extractor_version', 'tag_sets_id': 1354, 'tags_id': 228516910}, 'geocoder_version': None, 'nyt_themes_version': None}",2846019197,2022-10-31 02:57:09,2463383932,"[{'stories_id': 2463383932, 'tag': 'readability-lxml-0.8.1', 'tag_set': 'extractor_version', 'tag_sets_id': 1354, 'tags_id': 228516910}]",BÃ¼rgergeld: Ampel-Parteien warnten Union vor Blockade im Bundesrat,https://www.spiegel.de/politik/deutschland/buergergeld-ampel-parteien-warnten-union-vor-blockade-im-bundesrat-a-35bbc119-b6c0-4bae-b288-b75401159b7d#ref=rss,
False,2022-11-04 12:42:39.629811,,https://www.spiegel.de/wirtschaft/soziales/buergergeld-ampelfraktionen-legen-kompromiss-vor-a-f14259c8-f444-41c3-a109-fc17eacb2094,de,19831,Spiegel,http://www.spiegel.de,"{'date_guess_method': None, 'extractor_version': {'stories_id': 2468156913, 'tag': 'readability-lxml-0.8.1', 'tag_set': 'extractor_version', 'tag_sets_id': 1354, 'tags_id': 228516910}, 'geocoder_version': None, 'nyt_themes_version': None}",2850305018,2022-11-04 11:54:10,2468156913,"[{'stories_id': 2468156913, 'tag': 'readability-lxml-0.8.1', 'tag_set': 'extractor_version', 'tag_sets_id': 1354, 'tags_id': 228516910}]",BÃ¼rgergeld: Ampelfraktionen legen Kompromiss vor,https://www.spiegel.de/wirtschaft/soziales/buergergeld-ampelfraktionen-legen-kompromiss-vor-a-f14259c8-f444-41c3-a109-fc17eacb2094#ref=rss,
False,2022-11-05 04:57:31.959721,,https://www.spiegel.de/politik/deutschland/buergergeld-lindner-warnt-vor-schaebigkeitswettbewerb-a-1e80c648-6a73-4704-b224-6fc63bb262e2,de,19831,Spiegel,http://www.spiegel.de,"{'date_guess_method': None, 'extractor_version': {'stories_id': 2468697314, 'tag': 'readability-lxml-0.8.1', 'tag_set': 'extractor_version', 'tag_sets_id': 1354, 'tags_id': 228516910}, 'geocoder_version': None, 'nyt_themes_version': None}",2850801900,2022-11-05 04:20:28,2468697314,"[{'stories_id': 2468697314, 'tag': 'readability-lxml-0.8.1', 'tag_set': 'extractor_version', 'tag_sets_id': 1354, 'tags_id': 228516910}]",BÃ¼rgergeld: Lindner warnt vor Â»SchÃ¤bigkeitswettbewerbÂ«,https://www.spiegel.de/politik/deutschland/buergergeld-lindner-warnt-vor-schaebigkeitswettbewerb-a-1e80c648-6a73-4704-b224-6fc63bb262e2#ref=rss,
False,2022-11-05 07:52:51.410733,,https://www.spiegel.de/politik/buergergeld-spd-chef-klingbeil-wirft-soeder-und-merz-fake-news-vor-a-717e0b6b-4278-43a3-855d-0545b1347dd2,de,19831,Spiegel,http://www.spiegel.de,"{'date_guess_method': None, 'extractor_version': {'stories_id': 2468818827, 'tag': 'readability-lxml-0.8.1', 'tag_set': 'extractor_version', 'tag_sets_id': 1354, 'tags_id': 228516910}, 'geocoder_version': None, 'nyt_themes_version': None}",2850912119,2022-11-05 07:21:35,2468818827,"[{'stories_id': 2468818827, 'tag': 'readability-lxml-0.8.1', 'tag_set': 'extractor_version', 'tag_sets_id': 1354, 'tags_id': 228516910}]",BÃ¼rgergeld: SPD-Chef Klingbeil wirft SÃ¶der und Merz Â»Fake NewsÂ« vor,https://www.spiegel.de/politik/buergergeld-spd-chef-klingbeil-wirft-soeder-und-merz-fake-news-vor-a-717e0b6b-4278-43a3-855d-0545b1347dd2#ref=rss,
False,2022-11-06 07:02:31.438335,,https://www.spiegel.de/politik/deutschland/cdu-chef-friedrich-merz-lehnt-buergergeld-trotz-aenderungen-weiter-ab-a-eb43b166-b564-42a0-b543-84ae5d60a574,de,19831,Spiegel,http://www.spiegel.de,"{'date_guess_method': None, 'extractor_version': {'stories_id': 2469526790, 'tag': 'readability-lxml-0.8.1', 'tag_set': 'extractor_version', 'tag_sets_id': 1354, 'tags_id': 228516910}, 'geocoder_version': None, 'nyt_themes_version': None}",2851523582,2022-11-06 06:21:51,2469526790,"[{'stories_id': 2469526790, 'tag': 'readability-lxml-0.8.1', 'tag_set': 'extractor_version', 'tag_sets_id': 1354, 'tags_id': 228516910}]",CDU-Chef Friedrich Merz lehnt BÃ¼rgergeld trotz Ã„nderungen weiter ab,https://www.spiegel.de/politik/deutschland/cdu-chef-friedrich-merz-lehnt-buergergeld-trotz-aenderungen-weiter-ab-a-eb43b166-b564-42a0-b543-84ae5d60a574#ref=rss,
False,2022-11-06 16:31:40.747963,,https://www.spiegel.de/wirtschaft/soziales/friedrich-merz-bietet-mehr-hartz-iv-statt-buergergeld-an-a-39a05de7-e0cc-4a88-9f90-d7b5ec73e49a,de,19831,Spiegel,http://www.spiegel.de,"{'date_guess_method': None, 'extractor_version': {'stories_id': 2469855607, 'tag': 'readability-lxml-0.8.1', 'tag_set': 'extractor_version', 'tag_sets_id': 1354, 'tags_id': 228516910}, 'geocoder_version': None, 'nyt_themes_version': None}",2851805381,2022-11-06 15:28:26,2469855607,"[{'stories_id': 2469855607, 'tag': 'readability-lxml-0.8.1', 'tag_set': 'extractor_version', 'tag_sets_id': 1354, 'tags_id': 228516910}]",Friedrich Merz bietet mehr Hartz-IV statt BÃ¼rgergeld an,https://www.spiegel.de/wirtschaft/soziales/friedrich-merz-bietet-mehr-hartz-iv-statt-buergergeld-an-a-39a05de7-e0cc-4a88-9f90-d7b5ec73e49a#ref=rss,
False,2022-11-07 12:34:16.918328,,https://www.spiegel.de/politik/deutschland/ampel-koalition-vs-cdu-csu-so-laeuft-der-streit-ums-buergergeld-a-d760fce5-a6bf-4f76-aa2c-ed49aa0da258,de,19831,Spiegel,http://www.spiegel.de,"{'date_guess_method': None, 'extractor_version': {'stories_id': 2470663470, 'tag': 'readability-lxml-0.8.1', 'tag_set': 'extractor_version', 'tag_sets_id': 1354, 'tags_id': 228516910}, 'geocoder_version': None, 'nyt_themes_version': None}",2852525170,2022-11-07 12:04:41,2470663470,"[{'stories_id': 2470663470, 'tag': 'readability-lxml-0.8.1', 'tag_set': 'extractor_version', 'tag_sets_id': 1354, 'tags_id': 228516910}]",Ampel-Koalition vs. CDU/CSU: So lÃ¤uft der Streit ums BÃ¼rgergeld,https://www.spiegel.de/politik/deutschland/ampel-koalition-vs-cdu-csu-so-laeuft-der-streit-ums-buergergeld-a-d760fce5-a6bf-4f76-aa2c-ed49aa0da258#ref=rss,
False,2022-11-10 00:36:53.030137,,https://www.spiegel.de/politik/deutschland/news-midterm-wahlen-joe-biden-buergergeld-china-strategie-bundeshaushalt-impfpassfaelschung-corona-a-0acf5466-d07e-4df5-bf1c-3a13b8ab3e2e,de,19831,Spiegel,http://www.spiegel.de,"{'date_guess_method': None, 'extractor_version': {'stories_id': 2473368040, 'tag': 'readability-lxml-0.8.1', 'tag_set': 'extractor_version', 'tag_sets_id': 1354, 'tags_id': 228516910}, 'geocoder_version': None, 'nyt_themes_version': None}",2854945921,2022-11-09 23:47:00,2473368040,"[{'stories_id': 2473368040, 'tag': 'readability-lxml-0.8.1', 'tag_set': 'extractor_version', 'tag_sets_id': 1354, 'tags_id': 228516910}]","News: Midterm-Wahlen, Joe Biden, BÃ¼rgergeld, China-Strategie, Bundeshaushalt, ImpfpassfÃ¤lschung, Corona",https://www.spiegel.de/politik/deutschland/news-midterm-wahlen-joe-biden-buergergeld-china-strategie-bundeshaushalt-impfpassfaelschung-corona-a-0acf5466-d07e-4df5-bf1c-3a13b8ab3e2e#ref=rss,
False,2022-11-10 06:12:37.164847,,https://www.spiegel.de/politik/deutschland/bundestag-beschliesst-einfuehrung-des-buergergelds-a-772ac8ce-3f8c-4e6c-a1b1-88f627a5942d,de,19831,Spiegel,http://www.spiegel.de,"{'date_guess_method': None, 'extractor_version': {'stories_id': 2473586771, 'tag': 'readability-lxml-0.8.1', 'tag_set': 'extractor_version', 'tag_sets_id': 1354, 'tags_id': 228516910}, 'geocoder_version': None, 'nyt_themes_version': None}",2855143122,2022-11-10 05:30:01,2473586771,"[{'stories_id': 2473586771, 'tag': 'readability-lxml-0.8.1', 'tag_set': 'extractor_version', 'tag_sets_id': 1354, 'tags_id': 228516910}]",Bundestag beschlieÃŸt EinfÃ¼hrung des BÃ¼rgergelds,https://www.spiegel.de/politik/deutschland/bundestag-beschliesst-einfuehrung-des-buergergelds-a-772ac8ce-3f8c-4e6c-a1b1-88f627a5942d#ref=rss,
False,2022-11-10 08:58:47.243976,,https://www.spiegel.de/politik/deutschland/buergergeld-wie-die-union-der-spd-den-abschied-von-hartz-iv-vermiest-a-ea4629f2-3507-41d5-8629-46cae146d54e,de,19831,Spiegel,http://www.spiegel.de,"{'date_guess_method': None, 'extractor_version': {'stories_id': 2473778673, 'tag': 'readability-lxml-0.8.1', 'tag_set': 'extractor_version', 'tag_sets_id': 1354, 'tags_id': 228516910}, 'geocoder_version': None, 'nyt_themes_version': None}",2855321734,2022-11-10 08:27:57,2473778673,"[{'stories_id': 2473778673, 'tag': 'readability-lxml-0.8.1', 'tag_set': 'extractor_version', 'tag_sets_id': 1354, 'tags_id': 228516910}]",BÃ¼rgergeld: Wie die Union der SPD den Abschied von Hartz IV vermiest,https://www.spiegel.de/politik/deutschland/buergergeld-wie-die-union-der-spd-den-abschied-von-hartz-iv-vermiest-a-ea4629f2-3507-41d5-8629-46cae146d54e#ref=rss,
False,2022-11-10 12:28:37.413291,,https://www.spiegel.de/politik/deutschland/news-dfb-kader-fuer-die-fussball-wm-in-katar-zehn-euro-doener-buergergeld-a-d4dc089a-c8a1-4a00-81a0-4eb3b0faea22,de,19831,Spiegel,http://www.spiegel.de,"{'date_guess_method': None, 'extractor_version': {'stories_id': 2473989743, 'tag': 'readability-lxml-0.8.1', 'tag_set': 'extractor_version', 'tag_sets_id': 1354, 'tags_id': 228516910}, 'geocoder_version': None, 'nyt_themes_version': None}",2855513531,2022-11-10 12:01:48,2473989743,"[{'stories_id': 2473989743, 'tag': 'readability-lxml-0.8.1', 'tag_set': 'extractor_version', 'tag_sets_id': 1354, 'tags_id': 228516910}]","News: DFB-Kader fÃ¼r die FuÃŸball-WM in Katar, Zehn-Euro-DÃ¶ner, BÃ¼rgergeld",https://www.spiegel.de/politik/deutschland/news-dfb-kader-fuer-die-fussball-wm-in-katar-zehn-euro-doener-buergergeld-a-d4dc089a-c8a1-4a00-81a0-4eb3b0faea22#ref=rss,
False,2022-11-10 14:56:44.761448,,https://www.spiegel.de/politik/deutschland/buergergeld-ersetzt-hartz-iv-die-verhoehnung-der-arbeit-kommentar-a-fa2b76a9-5b6f-4c53-aaf4-ff6d3ff7aab9,de,19831,Spiegel,http://www.spiegel.de,"{'date_guess_method': None, 'extractor_version': {'stories_id': 2474127459, 'tag': 'readability-lxml-0.8.1', 'tag_set': 'extractor_version', 'tag_sets_id': 1354, 'tags_id': 228516910}, 'geocoder_version': None, 'nyt_themes_version': None}",2855637146,2022-11-10 12:01:05,2474127459,"[{'stories_id': 2474127459, 'tag': 'readability-lxml-0.8.1', 'tag_set': 'extractor_version', 'tag_sets_id': 1354, 'tags_id': 228516910}]",BÃ¼rgergeld ersetzt Hartz IV: Die VerhÃ¶hnung der Arbeit - Kommentar,https://www.spiegel.de/politik/deutschland/buergergeld-ersetzt-hartz-iv-die-verhoehnung-der-arbeit-kommentar-a-fa2b76a9-5b6f-4c53-aaf4-ff6d3ff7aab9#ref=rss,
False,2022-11-11 08:52:00.664617,,https://www.spiegel.de/politik/deutschland/buergergeld-muenchens-ex-spd-oberbuergermeister-christian-ude-kritisiert-reform-a-d7778096-f17c-4e41-81aa-a01a73860219,de,19831,Spiegel,http://www.spiegel.de,"{'date_guess_method': None, 'extractor_version': {'stories_id': 2474875341, 'tag': 'readability-lxml-0.8.1', 'tag_set': 'extractor_version', 'tag_sets_id': 1354, 'tags_id': 228516910}, 'geocoder_version': None, 'nyt_themes_version': None}",2856303548,2022-11-11 08:09:29,2474875341,"[{'stories_id': 2474875341, 'tag': 'readability-lxml-0.8.1', 'tag_set': 'extractor_version', 'tag_sets_id': 1354, 'tags_id': 228516910}]",BÃ¼rgergeld: MÃ¼nchens Ex-SPD-OberbÃ¼rgermeister Christian Ude kritisiert Reform,https://www.spiegel.de/politik/deutschland/buergergeld-muenchens-ex-spd-oberbuergermeister-christian-ude-kritisiert-reform-a-d7778096-f17c-4e41-81aa-a01a73860219#ref=rss,
False,2022-11-12 01:50:56.709595,,https://www.spiegel.de/politik/deutschland/fdp-und-buergergeld-fraktionsvize-christian-duerr-attackiert-cdu-und-csu-a-39a87a0b-8f80-431e-824b-defe16e68e93,de,19831,Spiegel,http://www.spiegel.de,"{'date_guess_method': None, 'extractor_version': {'stories_id': 2475523592, 'tag': 'readability-lxml-0.8.1', 'tag_set': 'extractor_version', 'tag_sets_id': 1354, 'tags_id': 228516910}, 'geocoder_version': None, 'nyt_themes_version': None}",2856895804,2022-11-12 01:14:25,2475523592,"[{'stories_id': 2475523592, 'tag': 'readability-lxml-0.8.1', 'tag_set': 'extractor_version', 'tag_sets_id': 1354, 'tags_id': 228516910}]",FDP und BÃ¼rgergeld: Fraktionsvize Christian DÃ¼rr attackiert CDU und CSU,https://www.spiegel.de/politik/deutschland/fdp-und-buergergeld-fraktionsvize-christian-duerr-attackiert-cdu-und-csu-a-39a87a0b-8f80-431e-824b-defe16e68e93#ref=rss,
False,2022-11-12 08:38:19.366558,,https://www.spiegel.de/politik/deutschland/buergergeld-friedrich-merz-sieht-wenig-einigungspotenzial-a-14be407b-bacd-4d24-87a3-597f4d86bb4a,de,19831,Spiegel,http://www.spiegel.de,"{'date_guess_method': None, 'extractor_version': {'stories_id': 2475750709, 'tag': 'readability-lxml-0.8.1', 'tag_set': 'extractor_version', 'tag_sets_id': 1354, 'tags_id': 228516910}, 'geocoder_version': None, 'nyt_themes_version': None}",2857108971,2022-11-12 08:09:42,2475750709,"[{'stories_id': 2475750709, 'tag': 'readability-lxml-0.8.1', 'tag_set': 'extractor_version', 'tag_sets_id': 1354, 'tags_id': 228516910}]",BÃ¼rgergeld: Friedrich Merz sieht wenig Einigungspotenzial,https://www.spiegel.de/politik/deutschland/buergergeld-friedrich-merz-sieht-wenig-einigungspotenzial-a-14be407b-bacd-4d24-87a3-597f4d86bb4a#ref=rss,
False,2022-11-13 12:03:24.725096,,https://www.spiegel.de/politik/deutschland/abstimmung-ueber-buergergeld-blockiert-in-den-bundesrat-a-95e2e470-e232-4b1c-bdcb-9c7a1c5f8f7a,de,19831,Spiegel,http://www.spiegel.de,"{'date_guess_method': None, 'extractor_version': {'stories_id': 2476572594, 'tag': 'readability-lxml-0.8.1', 'tag_set': 'extractor_version', 'tag_sets_id': 1354, 'tags_id': 228516910}, 'geocoder_version': None, 'nyt_themes_version': None}",2857818055,2022-11-13 11:48:42,2476572594,"[{'stories_id': 2476572594, 'tag': 'readability-lxml-0.8.1', 'tag_set': 'extractor_version', 'tag_sets_id': 1354, 'tags_id': 228516910}]",Abstimmung Ã¼ber BÃ¼rgergeld: Blockiert in den Bundesrat,https://www.spiegel.de/politik/deutschland/abstimmung-ueber-buergergeld-blockiert-in-den-bundesrat-a-95e2e470-e232-4b1c-bdcb-9c7a1c5f8f7a#ref=rss,
False,2022-11-13 15:32:29.643968,,https://www.spiegel.de/politik/deutschland/buergergeld-abstimmung-im-bundesrat-maximal-blockiert-a-95e2e470-e232-4b1c-bdcb-9c7a1c5f8f7a,de,19831,Spiegel,http://www.spiegel.de,"{'date_guess_method': None, 'extractor_version': {'stories_id': 2476695015, 'tag': 'readability-lxml-0.8.1', 'tag_set': 'extractor_version', 'tag_sets_id': 1354, 'tags_id': 228516910}, 'geocoder_version': None, 'nyt_themes_version': None}",2857921387,2022-11-13 11:48:42,2476695015,"[{'stories_id': 2476695015, 'tag': 'readability-lxml-0.8.1', 'tag_set': 'extractor_version', 'tag_sets_id': 1354, 'tags_id': 228516910}]",BÃ¼rgergeld: Abstimmung im Bundesrat - Maximal blockiert,https://www.spiegel.de/politik/deutschland/buergergeld-abstimmung-im-bundesrat-maximal-blockiert-a-95e2e470-e232-4b1c-bdcb-9c7a1c5f8f7a#ref=rss,
False,2022-11-14 02:32:06.410186,,https://www.spiegel.de/politik/deutschland/buergergeld-christian-lindner-warnt-union-vor-blockade-a-8a16817f-5ceb-4c11-b2e5-7f37dd9adbe5,de,19831,Spiegel,http://www.spiegel.de,"{'date_guess_method': None, 'extractor_version': {'stories_id': 2476999755, 'tag': 'readability-lxml-0.8.1', 'tag_set': 'extractor_version', 'tag_sets_id': 1354, 'tags_id': 228516910}, 'geocoder_version': None, 'nyt_themes_version': None}",2858184965,2022-11-14 01:28:13,2476999755,"[{'stories_id': 2476999755, 'tag': 'readability-lxml-0.8.1', 'tag_set': 'extractor_version', 'tag_sets_id': 1354, 'tags_id': 228516910}]",BÃ¼rgergeld: Christian Lindner warnt Union vor Blockade,https://www.spiegel.de/politik/deutschland/buergergeld-christian-lindner-warnt-union-vor-blockade-a-8a16817f-5ceb-4c11-b2e5-7f37dd9adbe5#ref=rss,
False,2022-11-14 05:33:58.643736,,https://www.spiegel.de/politik/deutschland/buergergeld-abstimmung-im-bundesrat-darum-geht-es-das-sind-die-streitpunkte-a-9b84c414-ab03-42bb-808a-e324759bc090,de,19831,Spiegel,http://www.spiegel.de,"{'date_guess_method': None, 'extractor_version': {'stories_id': 2477133903, 'tag': 'readability-lxml-0.8.1', 'tag_set': 'extractor_version', 'tag_sets_id': 1354, 'tags_id': 228516910}, 'geocoder_version': None, 'nyt_themes_version': None}",2858311375,2022-11-14 05:27:25,2477133903,"[{'stories_id': 2477133903, 'tag': 'readability-lxml-0.8.1', 'tag_set': 'extractor_version', 'tag_sets_id': 1354, 'tags_id': 228516910}]","BÃ¼rgergeld-Abstimmung im Bundesrat: Darum geht es, das sind die Streitpunkte",https://www.spiegel.de/politik/deutschland/buergergeld-abstimmung-im-bundesrat-darum-geht-es-das-sind-die-streitpunkte-a-9b84c414-ab03-42bb-808a-e324759bc090#ref=rss,
False,2022-11-14 06:34:21.492084,,https://www.spiegel.de/politik/deutschland/buergergeld-union-blockiert-gesetz-im-bundesrat-a-6e86fcd5-7968-483c-a24e-187d72080a38,de,19831,Spiegel,http://www.spiegel.de,"{'date_guess_method': None, 'extractor_version': {'stories_id': 2477185576, 'tag': 'readability-lxml-0.8.1', 'tag_set': 'extractor_version', 'tag_sets_id': 1354, 'tags_id': 228516910}, 'geocoder_version': None, 'nyt_themes_version': None}",2858360675,2022-11-14 06:14:35,2477185576,"[{'stories_id': 2477185576, 'tag': 'readability-lxml-0.8.1', 'tag_set': 'extractor_version', 'tag_sets_id': 1354, 'tags_id': 228516910}]",BÃ¼rgergeld: Union blockiert Gesetz im Bundesrat,https://www.spiegel.de/politik/deutschland/buergergeld-union-blockiert-gesetz-im-bundesrat-a-6e86fcd5-7968-483c-a24e-187d72080a38#ref=rss,
False,2022-11-14 11:05:50.055505,,https://www.spiegel.de/kultur/tv/bericht-aus-berlin-ard-entschuldigt-sich-fuer-falsches-bild-von-friedrich-merz-a-00292158-a690-41ec-bc98-adfa48ce1e20,de,19831,Spiegel,http://www.spiegel.de,"{'date_guess_method': None, 'extractor_version': {'stories_id': 2477458338, 'tag': 'readability-lxml-0.8.1', 'tag_set': 'extractor_version', 'tag_sets_id': 1354, 'tags_id': 228516910}, 'geocoder_version': None, 'nyt_themes_version': None}",2858606074,2022-11-14 10:29:15,2477458338,"[{'stories_id': 2477458338, 'tag': 'readability-lxml-0.8.1', 'tag_set': 'extractor_version', 'tag_sets_id': 1354, 'tags_id': 228516910}]",Â»Bericht aus BerlinÂ«: ARD entschuldigt sich fÃ¼r Â»falsches BildÂ« von Friedrich Merz,https://www.spiegel.de/kultur/tv/bericht-aus-berlin-ard-entschuldigt-sich-fuer-falsches-bild-von-friedrich-merz-a-00292158-a690-41ec-bc98-adfa48ce1e20#ref=rss,
False,2022-11-14 12:05:37.386952,,https://www.spiegel.de/politik/deutschland/buergergeld-jetzt-soll-es-der-vermittlungsausschuss-richten-a-96b3aa76-c17f-4df4-b290-75037ee68b57,de,19831,Spiegel,http://www.spiegel.de,"{'date_guess_method': None, 'extractor_version': {'stories_id': 2477515681, 'tag': 'readability-lxml-0.8.1', 'tag_set': 'extractor_version', 'tag_sets_id': 1354, 'tags_id': 228516910}, 'geocoder_version': None, 'nyt_themes_version': None}",2858657746,2022-11-14 11:43:26,2477515681,"[{'stories_id': 2477515681, 'tag': 'readability-lxml-0.8.1', 'tag_set': 'extractor_version', 'tag_sets_id': 1354, 'tags_id': 228516910}]",BÃ¼rgergeld: Jetzt soll es der Vermittlungsausschuss richten,https://www.spiegel.de/politik/deutschland/buergergeld-jetzt-soll-es-der-vermittlungsausschuss-richten-a-96b3aa76-c17f-4df4-b290-75037ee68b57#ref=rss,
False,2022-11-14 12:05:36.755386,,https://www.spiegel.de/politik/deutschland/news-des-tages-tuerkei-recep-tayyip-erdogan-buergergeld-bundesrat-air-force-one-boeing-a-c880e344-c9ba-489e-9f9e-37c7c668c274,de,19831,Spiegel,http://www.spiegel.de,"{'date_guess_method': None, 'extractor_version': {'stories_id': 2477515665, 'tag': 'readability-lxml-0.8.1', 'tag_set': 'extractor_version', 'tag_sets_id': 1354, 'tags_id': 228516910}, 'geocoder_version': None, 'nyt_themes_version': None}",2858657785,2022-11-14 11:36:12,2477515665,"[{'stories_id': 2477515665, 'tag': 'readability-lxml-0.8.1', 'tag_set': 'extractor_version', 'tag_sets_id': 1354, 'tags_id': 228516910}]","News des Tages: TÃ¼rkei, Recep Tayyip ErdoÄŸan, BÃ¼rgergeld, Bundesrat, Â»Air Force OneÂ«, Boeing",https://www.spiegel.de/politik/deutschland/news-des-tages-tuerkei-recep-tayyip-erdogan-buergergeld-bundesrat-air-force-one-boeing-a-c880e344-c9ba-489e-9f9e-37c7c668c274#ref=rss,
False,2022-11-15 00:31:33.696349,,https://www.spiegel.de/ausland/news-g20-joe-biden-xi-jinping-usa-china-wladimir-putin-buergergeld-honorarkonsuln-a-7c86de67-c922-479f-b342-69d2f7ed6d97,de,19831,Spiegel,http://www.spiegel.de,"{'date_guess_method': None, 'extractor_version': {'stories_id': 2477987296, 'tag': 'readability-lxml-0.8.1', 'tag_set': 'extractor_version', 'tag_sets_id': 1354, 'tags_id': 228516910}, 'geocoder_version': None, 'nyt_themes_version': None}",2859073759,2022-11-14 23:42:30,2477987296,"[{'stories_id': 2477987296, 'tag': 'readability-lxml-0.8.1', 'tag_set': 'extractor_version', 'tag_sets_id': 1354, 'tags_id': 228516910}]","News: G20, Joe Biden, Xi Jinping, USA, China, Wladimir Putin, BÃ¼rgergeld, Honorarkonsuln",https://www.spiegel.de/ausland/news-g20-joe-biden-xi-jinping-usa-china-wladimir-putin-buergergeld-honorarkonsuln-a-7c86de67-c922-479f-b342-69d2f7ed6d97#ref=rss,
False,2022-11-15 01:31:48.086909,,https://www.spiegel.de/politik/deutschland/buergergeld-fdp-setzt-sich-fuer-kompromiss-ein-a-ce1929f8-5963-4049-8553-bd05fe1426a1,de,19831,Spiegel,http://www.spiegel.de,"{'date_guess_method': None, 'extractor_version': {'stories_id': 2478020501, 'tag': 'readability-lxml-0.8.1', 'tag_set': 'extractor_version', 'tag_sets_id': 1354, 'tags_id': 228516910}, 'geocoder_version': None, 'nyt_themes_version': None}",2859105580,2022-11-15 01:27:35,2478020501,"[{'stories_id': 2478020501, 'tag': 'readability-lxml-0.8.1', 'tag_set': 'extractor_version', 'tag_sets_id': 1354, 'tags_id': 228516910}]",BÃ¼rgergeld: FDP setzt sich fÃ¼r Kompromiss ein,https://www.spiegel.de/politik/deutschland/buergergeld-fdp-setzt-sich-fuer-kompromiss-ein-a-ce1929f8-5963-4049-8553-bd05fe1426a1#ref=rss,
False,2022-11-18 02:59:09.953413,,https://www.spiegel.de/politik/deutschland/buergergeld-friedrich-merz-wirft-der-ampel-extreme-sprache-vor-a-80180d2b-65ae-4a8a-aeb0-0facfb494a8a,de,19831,Spiegel,http://www.spiegel.de,"{'date_guess_method': None, 'extractor_version': {'stories_id': 2481374568, 'tag': 'readability-lxml-0.8.1', 'tag_set': 'extractor_version', 'tag_sets_id': 1354, 'tags_id': 228516910}, 'geocoder_version': None, 'nyt_themes_version': None}",2862106365,2022-11-18 02:40:44,2481374568,"[{'stories_id': 2481374568, 'tag': 'readability-lxml-0.8.1', 'tag_set': 'extractor_version', 'tag_sets_id': 1354, 'tags_id': 228516910}]",BÃ¼rgergeld: Friedrich Merz wirft der Ampel Â»extremeÂ« Sprache vor,https://www.spiegel.de/politik/deutschland/buergergeld-friedrich-merz-wirft-der-ampel-extreme-sprache-vor-a-80180d2b-65ae-4a8a-aeb0-0facfb494a8a#ref=rss,
False,2022-11-19 08:33:25.892699,,https://www.spiegel.de/politik/deutschland/buergergeld-olaf-scholz-nennt-union-unter-friedrich-merz-abgehoben-und-hochnaesig-a-d7b9442b-c156-426b-a07d-d648fd293ec2,de,19831,Spiegel,http://www.spiegel.de,"{'date_guess_method': None, 'extractor_version': {'stories_id': 2482555121, 'tag': 'readability-lxml-0.8.1', 'tag_set': 'extractor_version', 'tag_sets_id': 1354, 'tags_id': 228516910}, 'geocoder_version': None, 'nyt_themes_version': None}",2863200252,2022-11-19 08:01:15,2482555121,"[{'stories_id': 2482555121, 'tag': 'readability-lxml-0.8.1', 'tag_set': 'extractor_version', 'tag_sets_id': 1354, 'tags_id': 228516910}]",BÃ¼rgergeld: Olaf Scholz nennt Union unter Friedrich Merz Â»abgehoben und hochnÃ¤sigÂ«,https://www.spiegel.de/politik/deutschland/buergergeld-olaf-scholz-nennt-union-unter-friedrich-merz-abgehoben-und-hochnaesig-a-d7b9442b-c156-426b-a07d-d648fd293ec2#ref=rss,
False,2022-11-21 20:31:22.661747,,https://www.spiegel.de/politik/deutschland/wolfgang-kubicki-fdp-keilt-gegen-spd-und-gruene-aerger-in-der-ampel-koalition-a-737ee419-e3cd-40a7-9787-2972684bd26d,de,19831,Spiegel,http://www.spiegel.de,"{'date_guess_method': None, 'extractor_version': {'stories_id': 2484616116, 'tag': 'readability-lxml-0.8.1', 'tag_set': 'extractor_version', 'tag_sets_id': 1354, 'tags_id': 228516910}, 'geocoder_version': None, 'nyt_themes_version': None}",2865013775,2022-11-21 19:38:46,2484616116,"[{'stories_id': 2484616116, 'tag': 'readability-lxml-0.8.1', 'tag_set': 'extractor_version', 'tag_sets_id': 1354, 'tags_id': 228516910}]",Wolfgang Kubicki (FDP) keilt gegen SPD und GrÃ¼ne â€“ Ã„rger in der Ampel-Koalition,https://www.spiegel.de/politik/deutschland/wolfgang-kubicki-fdp-keilt-gegen-spd-und-gruene-aerger-in-der-ampel-koalition-a-737ee419-e3cd-40a7-9787-2972684bd26d#ref=rss,
False,2022-11-22 02:32:49.838497,,https://www.spiegel.de/wirtschaft/sozialverband-warnt-vor-verschaerfung-der-regelungen-beim-buergergeld-a-adea1571-e2e3-4ed3-a922-ae6dae5d1aa2,de,19831,Spiegel,http://www.spiegel.de,"{'date_guess_method': None, 'extractor_version': {'stories_id': 2484799833, 'tag': 'readability-lxml-0.8.1', 'tag_set': 'extractor_version', 'tag_sets_id': 1354, 'tags_id': 228516910}, 'geocoder_version': None, 'nyt_themes_version': None}",2865181062,2022-11-22 02:00:15,2484799833,"[{'stories_id': 2484799833, 'tag': 'readability-lxml-0.8.1', 'tag_set': 'extractor_version', 'tag_sets_id': 1354, 'tags_id': 228516910}]",Sozialverband warnt vor VerschÃ¤rfung der Regelungen beim BÃ¼rgergeld,https://www.spiegel.de/wirtschaft/sozialverband-warnt-vor-verschaerfung-der-regelungen-beim-buergergeld-a-adea1571-e2e3-4ed3-a922-ae6dae5d1aa2#ref=rss,
False,2022-11-22 05:52:36.755236,,https://www.spiegel.de/politik/deutschland/buergergeld-ampel-und-union-raeumen-streitfragen-beim-buergergeld-aus-a-bf34365f-5507-4583-b269-fb9c92da2cd2,de,19831,Spiegel,http://www.spiegel.de,"{'date_guess_method': None, 'extractor_version': {'stories_id': 2484928670, 'tag': 'readability-lxml-0.8.1', 'tag_set': 'extractor_version', 'tag_sets_id': 1354, 'tags_id': 228516910}, 'geocoder_version': None, 'nyt_themes_version': None}",2865292683,2022-11-22 05:28:05,2484928670,"[{'stories_id': 2484928670, 'tag': 'readability-lxml-0.8.1', 'tag_set': 'extractor_version', 'tag_sets_id': 1354, 'tags_id': 228516910}]",BÃ¼rgergeld: Ampel und Union rÃ¤umen Streitfragen beim BÃ¼rgergeld aus,https://www.spiegel.de/politik/deutschland/buergergeld-ampel-und-union-raeumen-streitfragen-beim-buergergeld-aus-a-bf34365f-5507-4583-b269-fb9c92da2cd2#ref=rss,
False,2022-11-22 13:14:10.383569,,https://www.spiegel.de/politik/deutschland/buergergeld-einigung-zwischen-spd-gefuehrter-ampel-und-union-groko-lebt-a-8392b817-e41f-4239-967b-f4795cce5ff5,de,19831,Spiegel,http://www.spiegel.de,"{'date_guess_method': None, 'extractor_version': {'stories_id': 2485381998, 'tag': 'readability-lxml-0.8.1', 'tag_set': 'extractor_version', 'tag_sets_id': 1354, 'tags_id': 228516910}, 'geocoder_version': None, 'nyt_themes_version': None}",2865714173,2022-11-22 12:07:20,2485381998,"[{'stories_id': 2485381998, 'tag': 'readability-lxml-0.8.1', 'tag_set': 'extractor_version', 'tag_sets_id': 1354, 'tags_id': 228516910}]",BÃ¼rgergeld-Einigung zwischen SPD-gefÃ¼hrter Ampel und Union: GroKo lebt,https://www.spiegel.de/politik/deutschland/buergergeld-einigung-zwischen-spd-gefuehrter-ampel-und-union-groko-lebt-a-8392b817-e41f-4239-967b-f4795cce5ff5#ref=rss,
False,2022-11-22 17:12:18.489854,,https://www.spiegel.de/wirtschaft/statt-hartz-iv-was-bleibt-vom-buergergeld-a-2d967a7a-2aaf-48eb-af47-d45ab95ba65c,de,19831,Spiegel,http://www.spiegel.de,"{'date_guess_method': None, 'extractor_version': {'stories_id': 2485568313, 'tag': 'readability-lxml-0.8.1', 'tag_set': 'extractor_version', 'tag_sets_id': 1354, 'tags_id': 228516910}, 'geocoder_version': None, 'nyt_themes_version': None}",2865878201,2022-11-22 16:43:04,2485568313,"[{'stories_id': 2485568313, 'tag': 'readability-lxml-0.8.1', 'tag_set': 'extractor_version', 'tag_sets_id': 1354, 'tags_id': 228516910}]",Statt Hartz IV: Was bleibt vom BÃ¼rgergeld?,https://www.spiegel.de/wirtschaft/statt-hartz-iv-was-bleibt-vom-buergergeld-a-2d967a7a-2aaf-48eb-af47-d45ab95ba65c#ref=rss,
False,2022-11-23 00:40:12.666305,,https://www.spiegel.de/politik/deutschland/news-buergergeld-unabhaengigkeit-schottland-brandanschlag-von-moelln-a-aa51b8e9-c4f8-44be-aa49-23c7f083e56b,de,19831,Spiegel,http://www.spiegel.de,"{'date_guess_method': None, 'extractor_version': {'stories_id': 2485788275, 'tag': 'readability-lxml-0.8.1', 'tag_set': 'extractor_version', 'tag_sets_id': 1354, 'tags_id': 228516910}, 'geocoder_version': None, 'nyt_themes_version': None}",2866070178,2022-11-22 23:42:55,2485788275,"[{'stories_id': 2485788275, 'tag': 'readability-lxml-0.8.1', 'tag_set': 'extractor_version', 'tag_sets_id': 1354, 'tags_id': 228516910}]","News: BÃ¼rgergeld, UnabhÃ¤ngigkeit, Schottland, Brandanschlag von MÃ¶lln",https://www.spiegel.de/politik/deutschland/news-buergergeld-unabhaengigkeit-schottland-brandanschlag-von-moelln-a-aa51b8e9-c4f8-44be-aa49-23c7f083e56b#ref=rss,
False,2022-11-23 10:06:11.552324,,https://www.spiegel.de/wissenschaft/soziologe-ueber-arbeitslose-es-gibt-kein-motivationsproblem-unter-hartz-iv-empfaengern-a-922c6e0d-ad5a-4c5b-bd51-ff27a991662b,de,19831,Spiegel,http://www.spiegel.de,"{'date_guess_method': None, 'extractor_version': {'stories_id': 2486270497, 'tag': 'readability-lxml-0.8.1', 'tag_set': 'extractor_version', 'tag_sets_id': 1354, 'tags_id': 228516910}, 'geocoder_version': None, 'nyt_themes_version': None}",2866480125,2022-11-23 09:45:53,2486270497,"[{'stories_id': 2486270497, 'tag': 'readability-lxml-0.8.1', 'tag_set': 'extractor_version', 'tag_sets_id': 1354, 'tags_id': 228516910}]",Soziologe Ã¼ber Arbeitslose: Â»Es gibt kein Motivationsproblem unter Hartz-IV-EmpfÃ¤ngernÂ«,https://www.spiegel.de/wissenschaft/soziologe-ueber-arbeitslose-es-gibt-kein-motivationsproblem-unter-hartz-iv-empfaengern-a-922c6e0d-ad5a-4c5b-bd51-ff27a991662b#ref=rss,
False,2022-11-23 15:04:58.546308,,https://www.spiegel.de/politik/deutschland/buergergeld-vermittlungsausschuss-einigt-sich-auf-abloesung-von-hartz-iv-a-5c263134-fe60-4c33-8995-19b89d7d2c41,de,19831,Spiegel,http://www.spiegel.de,"{'date_guess_method': None, 'extractor_version': {'stories_id': 2486543636, 'tag': 'readability-lxml-0.8.1', 'tag_set': 'extractor_version', 'tag_sets_id': 1354, 'tags_id': 228516910}, 'geocoder_version': None, 'nyt_themes_version': None}",2866724069,2022-11-23 14:36:28,2486543636,"[{'stories_id': 2486543636, 'tag': 'readability-lxml-0.8.1', 'tag_set': 'extractor_version', 'tag_sets_id': 1354, 'tags_id': 228516910}]",BÃ¼rgergeld: Vermittlungsausschuss einigt sich auf AblÃ¶sung von Hartz IV,https://www.spiegel.de/politik/deutschland/buergergeld-vermittlungsausschuss-einigt-sich-auf-abloesung-von-hartz-iv-a-5c263134-fe60-4c33-8995-19b89d7d2c41#ref=rss,
False,2022-11-24 08:06:33.190977,,https://www.spiegel.de/wirtschaft/buergergeld-kaum-mehr-als-ein-plaenchen-a-0d9fd88d-92d7-4624-b3cb-070ebb47289c,de,19831,Spiegel,http://www.spiegel.de,"{'date_guess_method': None, 'extractor_version': {'stories_id': 2487218541, 'tag': 'readability-lxml-0.8.1', 'tag_set': 'extractor_version', 'tag_sets_id': 1354, 'tags_id': 228516910}, 'geocoder_version': None, 'nyt_themes_version': None}",2867321120,2022-11-24 07:54:18,2487218541,"[{'stories_id': 2487218541, 'tag': 'readability-lxml-0.8.1', 'tag_set': 'extractor_version', 'tag_sets_id': 1354, 'tags_id': 228516910}]",BÃ¼rgergeld: Kaum mehr als ein PlÃ¤nchen,https://www.spiegel.de/wirtschaft/buergergeld-kaum-mehr-als-ein-plaenchen-a-0d9fd88d-92d7-4624-b3cb-070ebb47289c#ref=rss,
False,2022-11-24 12:35:56.389377,,https://www.spiegel.de/politik/deutschland/news-des-tages-buergergeld-gbt-in-russland-wm-in-katar-a-ee4250a4-bf2a-451c-9e7f-af225d5bc9a6,de,19831,Spiegel,http://www.spiegel.de,"{'date_guess_method': None, 'extractor_version': {'stories_id': 2487485344, 'tag': 'readability-lxml-0.8.1', 'tag_set': 'extractor_version', 'tag_sets_id': 1354, 'tags_id': 228516910}, 'geocoder_version': None, 'nyt_themes_version': None}",2867561711,2022-11-24 12:10:49,2487485344,"[{'stories_id': 2487485344, 'tag': 'readability-lxml-0.8.1', 'tag_set': 'extractor_version', 'tag_sets_id': 1354, 'tags_id': 228516910}]","News des Tages: BÃ¼rgergeld, LGBT in Russland, WM in Katar",https://www.spiegel.de/politik/deutschland/news-des-tages-buergergeld-gbt-in-russland-wm-in-katar-a-ee4250a4-bf2a-451c-9e7f-af225d5bc9a6#ref=rss,
False,2022-11-25 04:57:36.618579,,https://www.spiegel.de/politik/deutschland/buergergeld-bundestag-stimmt-nach-anpassungen-fuer-nachfolgemodell-von-hartz-iv-a-9a243a2d-6222-4bf5-9b17-23012a34bc91,de,19831,Spiegel,http://www.spiegel.de,"{'date_guess_method': None, 'extractor_version': {'stories_id': 2488063980, 'tag': 'readability-lxml-0.8.1', 'tag_set': 'extractor_version', 'tag_sets_id': 1354, 'tags_id': 228516910}, 'geocoder_version': None, 'nyt_themes_version': None}",2868067526,2022-11-25 04:14:17,2488063980,"[{'stories_id': 2488063980, 'tag': 'readability-lxml-0.8.1', 'tag_set': 'extractor_version', 'tag_sets_id': 1354, 'tags_id': 228516910}]",BÃ¼rgergeld: Bundestag stimmt nach Anpassungen fÃ¼r Nachfolgemodell von Hartz IV,https://www.spiegel.de/politik/deutschland/buergergeld-bundestag-stimmt-nach-anpassungen-fuer-nachfolgemodell-von-hartz-iv-a-9a243a2d-6222-4bf5-9b17-23012a34bc91#ref=rss,
False,2022-12-03 06:32:55.119244,,https://www.spiegel.de/panorama/gesellschaft/streit-ums-buergergeld-die-gleiche-kacke-wie-vorher-nur-mit-einer-bunten-schleife-drum-herum-a-2956cf17-c881-4d52-b9c7-b62be7446c60,de,19831,Spiegel,http://www.spiegel.de,"{'date_guess_method': None, 'extractor_version': {'stories_id': 2495957851, 'tag': 'readability-lxml-0.8.1', 'tag_set': 'extractor_version', 'tag_sets_id': 1354, 'tags_id': 228516910}, 'geocoder_version': None, 'nyt_themes_version': None}",2875199262,2022-12-03 06:21:58,2495957851,"[{'stories_id': 2495957851, 'tag': 'readability-lxml-0.8.1', 'tag_set': 'extractor_version', 'tag_sets_id': 1354, 'tags_id': 228516910}]","Streit ums BÃ¼rgergeld: Â»Die gleiche Kacke wie vorher, nur mit einer bunten Schleife drum herumÂ«",https://www.spiegel.de/panorama/gesellschaft/streit-ums-buergergeld-die-gleiche-kacke-wie-vorher-nur-mit-einer-bunten-schleife-drum-herum-a-2956cf17-c881-4d52-b9c7-b62be7446c60#ref=rss,
False,2022-12-08 07:07:22.603784,,https://www.spiegel.de/politik/deutschland/1-jahr-ampel-regierung-von-der-zeitenwende-ueber-den-doppel-wumms-zum-a-dd518746-57f2-40e4-a9d3-db771af6e7c1,de,19831,Spiegel,http://www.spiegel.de,"{'date_guess_method': None, 'extractor_version': {'stories_id': 2500814019, 'tag': 'readability-lxml-0.8.1', 'tag_set': 'extractor_version', 'tag_sets_id': 1354, 'tags_id': 228516910}, 'geocoder_version': None, 'nyt_themes_version': None}",2879554331,2022-12-08 06:54:27,2500814019,"[{'stories_id': 2500814019, 'tag': 'readability-lxml-0.8.1', 'tag_set': 'extractor_version', 'tag_sets_id': 1354, 'tags_id': 228516910}]",1 Jahr Ampel-Regierung: Von der Zeitenwende Ã¼ber den Doppel-Wumms zum...?,https://www.spiegel.de/politik/deutschland/1-jahr-ampel-regierung-von-der-zeitenwende-ueber-den-doppel-wumms-zum-a-dd518746-57f2-40e4-a9d3-db771af6e7c1#ref=rss,
False,2022-12-11 07:02:11.688281,,https://www.spiegel.de/wirtschaft/wollen-die-leute-nicht-arbeiten-oder-koennen-sie-nicht-a-4e5f384b-e520-4e13-9d22-f8a5a41201f5,de,19831,Spiegel,http://www.spiegel.de,"{'date_guess_method': None, 'extractor_version': {'stories_id': 2503544382, 'tag': 'readability-lxml-0.8.1', 'tag_set': 'extractor_version', 'tag_sets_id': 1354, 'tags_id': 228516910}, 'geocoder_version': None, 'nyt_themes_version': None}",2882002695,2022-12-09 07:00:00,2503544382,"[{'stories_id': 2503544382, 'tag': 'readability-lxml-0.8.1', 'tag_set': 'extractor_version', 'tag_sets_id': 1354, 'tags_id': 228516910}]",BÃ¼rgergeld-Reform: Wollen die Leute nicht arbeiten â€“ oder kÃ¶nnen sie nicht?,https://www.spiegel.de/wirtschaft/wollen-die-leute-nicht-arbeiten-oder-koennen-sie-nicht-a-4e5f384b-e520-4e13-9d22-f8a5a41201f5#ref=rss,
False,2023-01-01 03:05:17.193348,,https://www.spiegel.de/wirtschaft/service/gaspreisbremse-deutschlandticket-buergergeld-was-2023-guenstiger-wird-und-was-teurer-a-42d9ba82-01a2-4ae1-b533-d3a1e0f22fa4,de,19831,Spiegel,http://www.spiegel.de,"{'date_guess_method': None, 'extractor_version': {'stories_id': 2522980431, 'tag': 'readability-lxml-0.8.1', 'tag_set': 'extractor_version', 'tag_sets_id': 1354, 'tags_id': 228516910}, 'geocoder_version': None, 'nyt_themes_version': None}",2899309496,2023-01-01 02:32:34,2522980431,"[{'stories_id': 2522980431, 'tag': 'readability-lxml-0.8.1', 'tag_set': 'extractor_version', 'tag_sets_id': 1354, 'tags_id': 228516910}]","Gaspreisbremse, Deutschlandticket, BÃ¼rgergeld: Was 2023 gÃ¼nstiger wird - und was teurer",https://www.spiegel.de/wirtschaft/service/gaspreisbremse-deutschlandticket-buergergeld-was-2023-guenstiger-wird-und-was-teurer-a-42d9ba82-01a2-4ae1-b533-d3a1e0f22fa4#ref=rss,
False,2023-01-01 23:59:43.933963,,https://www.spiegel.de/politik/deutschland/news-russland-ukraine-krieg-hartz-iv-benedikt-xvi-a-d6663e38-933e-4939-8491-7315355c859e,de,19831,Spiegel,http://www.spiegel.de,"{'date_guess_method': None, 'extractor_version': {'stories_id': 2523559879, 'tag': 'readability-lxml-0.8.1', 'tag_set': 'extractor_version', 'tag_sets_id': 1354, 'tags_id': 228516910}, 'geocoder_version': None, 'nyt_themes_version': None}",2899801569,2023-01-01 23:43:29,2523559879,"[{'stories_id': 2523559879, 'tag': 'readability-lxml-0.8.1', 'tag_set': 'extractor_version', 'tag_sets_id': 1354, 'tags_id': 228516910}]","News: Russland-Ukraine-Krieg, Hartz IV, Benedikt XVI.",https://www.spiegel.de/politik/deutschland/news-russland-ukraine-krieg-hartz-iv-benedikt-xvi-a-d6663e38-933e-4939-8491-7315355c859e#ref=rss,
False,2023-01-03 03:02:43.436283,,https://www.spiegel.de/panorama/bildung/bafoeg-wegen-hoher-inflation-studierendenwerk-fordert-schnelle-erhoehung-a-049c45ab-ad0b-4d39-b566-bdfca6f3f1c3,de,19831,Spiegel,http://www.spiegel.de,"{'date_guess_method': None, 'extractor_version': {'stories_id': 2524491040, 'tag': 'readability-lxml-0.8.1', 'tag_set': 'extractor_version', 'tag_sets_id': 1354, 'tags_id': 228516910}, 'geocoder_version': None, 'nyt_themes_version': None}",2900621777,2023-01-03 02:36:57,2524491040,"[{'stories_id': 2524491040, 'tag': 'readability-lxml-0.8.1', 'tag_set': 'extractor_version', 'tag_sets_id': 1354, 'tags_id': 228516910}]",BafÃ¶g: Wegen hoher Inflation â€“ Studierendenwerk fordert schnelle ErhÃ¶hung,https://www.spiegel.de/panorama/bildung/bafoeg-wegen-hoher-inflation-studierendenwerk-fordert-schnelle-erhoehung-a-049c45ab-ad0b-4d39-b566-bdfca6f3f1c3#ref=rss,
