web-scraper-order;web-scraper-start-url;Link;Link-href;Title;Date;
1685185649-1;https://www.wiwo.de/suche/?p19868864=17&sw=B%C3%BCrgergeld&search-period=&article=article;Wirtschaftlichen Kernforderungen             FDP attackiert Gewerkschaftsprivileg;https://www.wiwo.de/politik/deutschland/wirtschaftlichen-kernforderungen-fdp-attackiert-gewerkschaftsprivileg/4943996.html;Wirtschaftlichen Kernforderungen  FDP attackiert Gewerkschaftsprivileg;06.07.2005
1685185653-2;https://www.wiwo.de/suche/?p19868864=17&sw=B%C3%BCrgergeld&search-period=&article=article;Wahlprogramm-Vorstellung            DIHK applaudiert der FDP;https://www.wiwo.de/politik/deutschland/wahlprogramm-vorstellung-dihk-applaudiert-der-fdp/4947836.html;Wahlprogramm-Vorstellung DIHK applaudiert der FDP;25.07.2005
1685185656-3;https://www.wiwo.de/suche/?p19868864=17&sw=B%C3%BCrgergeld&search-period=&article=article;Wer regiert Deutschland?            Große Programme, kleine Schnittmengen;https://www.wiwo.de/politik/deutschland/wer-regiert-deutschland-grosse-programme-kleine-schnittmengen/4960950.html;Wer regiert Deutschland? Große Programme, kleine Schnittmengen;21.09.2005
1685185659-4;https://www.wiwo.de/suche/?p19868864=17&sw=B%C3%BCrgergeld&search-period=&article=article;Soziale Grundsicherung            Althaus plädiert für Bürgergeld à la FDP;https://www.wiwo.de/politik/deutschland/soziale-grundsicherung-althaus-plaediert-fuer-buergergeld-a-la-fdp/5418986.html;Soziale Grundsicherung Althaus plädiert für Bürgergeld à la FDP;07.06.2006
1685185662-5;https://www.wiwo.de/suche/?p19868864=17&sw=B%C3%BCrgergeld&search-period=&article=article;Dieter Althaus im Interview            „Der Solidarpakt II läuft 2019 aus. Danach muss Schluss sein!";https://www.wiwo.de/politik/deutschland/dieter-althaus-im-interview-der-solidarpakt-ii-laeuft-2019-aus-danach-muss-schluss-sein/5066950.html;Dieter Althaus im Interview „Der Solidarpakt II läuft 2019 aus. Danach muss Schluss sein!";30.09.2006
1685185669-6;https://www.wiwo.de/suche/?p19868864=16&sw=B%C3%BCrgergeld&search-period=&article=article;Parteien            Was Grüne und die FDP eint - und was sie trennt;https://www.wiwo.de/politik/deutschland/parteien-was-gruene-und-die-fdp-eint-und-was-sie-trennt/5468614.html;Parteien Was Grüne und die FDP eint - und was sie trennt;24.09.2008
1685185672-7;https://www.wiwo.de/suche/?p19868864=16&sw=B%C3%BCrgergeld&search-period=&article=article;Fachleute als Abgeordnete            Wirtschaftsexperten für den Bundestag;https://www.wiwo.de/politik/deutschland/fachleute-als-abgeordnete-wirtschaftsexperten-fuer-den-bundestag/5140716.html;Fachleute als Abgeordnete Wirtschaftsexperten für den Bundestag;11.02.2009
1685185675-8;https://www.wiwo.de/suche/?p19868864=16&sw=B%C3%BCrgergeld&search-period=&article=article;Bundestagswahl            So hätte Ihr Geldbeutel gewählt;https://www.wiwo.de/politik/deutschland/bundestagswahl-so-haette-ihr-geldbeutel-gewaehlt/5141768.html;Bundestagswahl So hätte Ihr Geldbeutel gewählt;27.09.2009
1685185679-9;https://www.wiwo.de/suche/?p19868864=16&sw=B%C3%BCrgergeld&search-period=&article=article;Koalitionsverhandlungen            Schwarz-Gelb mit krassem Spardruck konfrontiert;https://www.wiwo.de/politik/koalitionsverhandlungen-schwarz-gelb-mit-krassem-spardruck-konfrontiert/5581734.html;Koalitionsverhandlungen Schwarz-Gelb mit krassem Spardruck konfrontiert;06.10.2009
1685185683-10;https://www.wiwo.de/suche/?p19868864=16&sw=B%C3%BCrgergeld&search-period=&article=article;Kinderfreibetrag            FDP erzielt ersten Erfolg;https://www.wiwo.de/politik/kinderfreibetrag-fdp-erzielt-ersten-erfolg/5581862.html;Kinderfreibetrag FDP erzielt ersten Erfolg;06.10.2009
1685185686-11;https://www.wiwo.de/suche/?p19868864=16&sw=B%C3%BCrgergeld&search-period=&article=article;Koalitionsverhandlungen            Schwarz-gelbes Weihnachtsgeschenk für Familien;https://www.wiwo.de/politik/deutschland/koalitionsverhandlungen-schwarz-gelbes-weihnachtsgeschenk-fuer-familien/5581868.html;Koalitionsverhandlungen Schwarz-gelbes Weihnachtsgeschenk für Familien;06.10.2009
1685185690-12;https://www.wiwo.de/suche/?p19868864=16&sw=B%C3%BCrgergeld&search-period=&article=article;Arbeitslosengeld            Ruf nach Hartz-IV-Reform wird immer lauter;https://www.wiwo.de/politik/arbeitslosengeld-ruf-nach-hartz-iv-reform-wird-immer-lauter/5583066.html;Arbeitslosengeld Ruf nach Hartz-IV-Reform wird immer lauter;10.10.2009
1685185693-13;https://www.wiwo.de/suche/?p19868864=16&sw=B%C3%BCrgergeld&search-period=&article=article;Hartz IV            Wenn Faulheit sich lohnt;https://www.wiwo.de/politik/deutschland/hartz-iv-wenn-faulheit-sich-lohnt/5234460.html;Hartz IV Wenn Faulheit sich lohnt;27.01.2010
1685185700-14;https://www.wiwo.de/suche/?p19868864=15&sw=B%C3%BCrgergeld&search-period=&article=article;Aschermittwoch in Straubing            Westerwelle rühmt seine "Hartz-IV-Popularität";https://www.wiwo.de/politik/aschermittwoch-in-straubing-westerwelle-ruehmt-seine-hartz-iv-popularitaet/5621746.html;Aschermittwoch in Straubing Westerwelle rühmt seine "Hartz-IV-Popularität";17.02.2010
1685185703-15;https://www.wiwo.de/suche/?p19868864=15&sw=B%C3%BCrgergeld&search-period=&article=article;Andreas Pinkwart             Hartz IV: "Es ist falsch, beide Seiten gegeneinander auszuspielen";https://www.wiwo.de/politik/deutschland/andreas-pinkwart-hartz-iv-es-ist-falsch-beide-seiten-gegeneinander-auszuspielen/5234484.html;Andreas Pinkwart  Hartz IV: "Es ist falsch, beide Seiten gegeneinander auszuspielen";27.02.2010
1685185706-16;https://www.wiwo.de/suche/?p19868864=15&sw=B%C3%BCrgergeld&search-period=&article=article;Inhalt            WirtschaftsWoche Ausgabe 10/2010;https://www.wiwo.de/archiv/inhalt-wirtschaftswoche-ausgabe-10-2010/5626668.html;Inhalt WirtschaftsWoche Ausgabe 10/2010;06.03.2010
1685185710-17;https://www.wiwo.de/suche/?p19868864=15&sw=B%C3%BCrgergeld&search-period=&article=article;Sozialstaat            Warum ein Bürgergeld besser wäre als Hartz IV;https://www.wiwo.de/politik/deutschland/sozialstaat-warum-ein-buergergeld-besser-waere-als-hartz-iv/5234448.html;Sozialstaat Warum ein Bürgergeld besser wäre als Hartz IV;08.03.2010
1685185713-18;https://www.wiwo.de/suche/?p19868864=15&sw=B%C3%BCrgergeld&search-period=&article=article;Inhalt            WirtschaftsWoche Ausgabe 13/2010;https://www.wiwo.de/archiv/inhalt-wirtschaftswoche-ausgabe-13-2010/5632928.html;Inhalt WirtschaftsWoche Ausgabe 13/2010;27.03.2010
1685185717-19;https://www.wiwo.de/suche/?p19868864=15&sw=B%C3%BCrgergeld&search-period=&article=article;Sozialstaat            Wie teuer ist das Bürgergeld?;https://www.wiwo.de/politik/deutschland/sozialstaat-wie-teuer-ist-das-buergergeld/5632970.html;Sozialstaat Wie teuer ist das Bürgergeld?;29.03.2010
1685185720-20;https://www.wiwo.de/suche/?p19868864=15&sw=B%C3%BCrgergeld&search-period=&article=article;Christian Lindner            FDP-Generalsekretär: "Keine Staatswut";https://www.wiwo.de/politik/deutschland/christian-lindner-fdp-generalsekretaer-keine-staatswut/5262192.html;Christian Lindner FDP-Generalsekretär: "Keine Staatswut";29.04.2011
1685185723-21;https://www.wiwo.de/suche/?p19868864=15&sw=B%C3%BCrgergeld&search-period=&article=article;Neues Grundsatzprogramm            Das neue FDP-Grundsatzprogramm;https://www.wiwo.de/politik/deutschland/neues-grundsatzprogramm-die-zehn-kernsaetze-der-fdp/6546254.html;Neues Grundsatzprogramm Die zehn Kernsätze der FDP;23.04.2012
1685185726-22;https://www.wiwo.de/suche/?p19868864=15&sw=B%C3%BCrgergeld&search-period=&article=article;Neuer Koalitions-Zoff            FDP rebelliert gegen CDU-Mindestlohn;https://www.wiwo.de/politik/deutschland/neuer-koalitions-zoff-fdp-rebelliert-gegen-cdu-mindestlohn/6555916.html;Neuer Koalitions-Zoff FDP rebelliert gegen CDU-Mindestlohn;25.04.2012
1685185729-23;https://www.wiwo.de/suche/?p19868864=15&sw=B%C3%BCrgergeld&search-period=&article=article;Mindestlohn-Kehrtwende            FDP-Nachwuchs stellt sich gegen Parteispitze;https://www.wiwo.de/politik/deutschland/mindestlohn-kehrtwende-fdp-nachwuchs-stellt-sich-gegen-parteispitze/7902706.html;Mindestlohn-Kehrtwende FDP-Nachwuchs stellt sich gegen Parteispitze;09.03.2013
1685185737-24;https://www.wiwo.de/suche/?p19868864=14&sw=B%C3%BCrgergeld&search-period=&article=article;Streit auf dem Parteitag            FDP in der Mindestlohn-Falle;https://www.wiwo.de/politik/deutschland/streit-auf-dem-parteitag-fdp-in-der-mindestlohn-falle/7902918.html;Streit auf dem Parteitag FDP in der Mindestlohn-Falle;09.03.2013
1685185740-25;https://www.wiwo.de/suche/?p19868864=14&sw=B%C3%BCrgergeld&search-period=&article=article;IW-Studie zur Immobilien            „Die Mietpreisbremse ist schädlich“;https://www.wiwo.de/politik/deutschland/iw-studie-zur-immobilien-die-mietpreisbremse-ist-schaedlich/8304064.html;IW-Studie zur Immobilien „Die Mietpreisbremse ist schädlich“;05.06.2013
1685185743-26;https://www.wiwo.de/suche/?p19868864=14&sw=B%C3%BCrgergeld&search-period=&article=article;Forum der Freiheit            Die FDP steht Kopf;https://www.wiwo.de/politik/deutschland/forum-der-freiheit-die-fdp-steht-kopf/8940228.html;Forum der Freiheit Die FDP steht Kopf;16.10.2013
1685185746-27;https://www.wiwo.de/suche/?p19868864=14&sw=B%C3%BCrgergeld&search-period=&article=article;Bedingungsloses Grundeinkommen            So läuft Finnlands Experiment;https://www.wiwo.de/politik/europa/sozialstaat-finnland-testet-bedingungsloses-grundeinkommen/19819408.html;Sozialstaat Finnland testet bedingungsloses Grundeinkommen;23.05.2017
1685185750-28;https://www.wiwo.de/suche/?p19868864=14&sw=B%C3%BCrgergeld&search-period=&article=article;Europapolitik im Koalitionsvertrag            Deutschlands Interessenverzicht ist fatal für Europa;https://www.wiwo.de/politik/europa/europapolitik-im-koalitionsvertrag-deutschlands-interessenverzicht-ist-fatal-fuer-europa/20942756.html;Europapolitik im Koalitionsvertrag Deutschlands Interessenverzicht ist fatal für Europa;09.02.2018
1685185753-29;https://www.wiwo.de/suche/?p19868864=14&sw=B%C3%BCrgergeld&search-period=&article=article;Parlamentswahl:            Das Italien-Drama und die wirtschaftlichen Folgen;https://www.wiwo.de/politik/europa/parlamentswahl-das-italien-drama-und-die-wirtschaftlichen-folgen/21031152.html;Parlamentswahl: Das Italien-Drama und die wirtschaftlichen Folgen;05.03.2018
1685185756-30;https://www.wiwo.de/suche/?p19868864=14&sw=B%C3%BCrgergeld&search-period=&article=article;FDP-Chef            Christian Lindner fordert Bürgergeld statt Hartz IV;https://www.wiwo.de/politik/deutschland/fdp-chef-christian-lindner-fordert-buergergeld-statt-hartz-iv/21558786.html;FDP-Chef Christian Lindner fordert Bürgergeld statt Hartz IV;12.05.2018
1685185759-31;https://www.wiwo.de/suche/?p19868864=14&sw=B%C3%BCrgergeld&search-period=&article=article;FDP-Parteitag            Lindner ist kritisch, aber konstruktiv;https://www.wiwo.de/politik/deutschland/fdp-parteitag-lindner-ist-kritisch-aber-konstruktiv/21594020.html;FDP-Parteitag Lindner ist kritisch, aber konstruktiv;12.05.2018
1685185763-32;https://www.wiwo.de/suche/?p19868864=14&sw=B%C3%BCrgergeld&search-period=&article=article;Besser als Hartz IV?            Bürgergeld: Das steckt hinter dem Lindner-Vorstoß;https://www.wiwo.de/politik/deutschland/besser-als-hartz-iv-buergergeld-das-steckt-hinter-dem-lindner-vorstoss/22509388.html;Besser als Hartz IV? Bürgergeld: Das steckt hinter dem Lindner-Vorstoß;15.05.2018
1685185772-33;https://www.wiwo.de/suche/?p19868864=13&sw=B%C3%BCrgergeld&search-period=&article=article;Karl-Heinz Paqué über Bürgergeld            „Höhere Arbeitsanreize verringern die Sozialbelastung“;https://www.wiwo.de/my/politik/deutschland/karl-heinz-paque-ueber-buergergeld-hoehere-arbeitsanreize-verringern-die-sozialbelastung/22572670.html;Karl-Heinz Paqué über Bürgergeld „Höhere Arbeitsanreize verringern die Sozialbelastung“;16.05.2018
1685185776-34;https://www.wiwo.de/suche/?p19868864=13&sw=B%C3%BCrgergeld&search-period=&article=article;Italien            Italiens Wirtschaftsminister Tria lenkt im Haushaltsstreit ein;https://www.wiwo.de/politik/ausland/italien-italiens-wirtschaftsminister-tria-lenkt-im-haushaltsstreit-ein/23116130.html;Italien Italiens Wirtschaftsminister Tria lenkt im Haushaltsstreit ein;26.09.2018
1685185779-35;https://www.wiwo.de/suche/?p19868864=13&sw=B%C3%BCrgergeld&search-period=&article=article;Haushaltplan            Italiens Schuldensucht schadet der EU;https://www.wiwo.de/my/politik/europa/haushaltplan-italiens-schuldensucht-schadet-der-eu/23595908.html;Haushaltplan Italiens Schuldensucht schadet der EU;12.11.2018
1685185783-36;https://www.wiwo.de/suche/?p19868864=13&sw=B%C3%BCrgergeld&search-period=&article=article;SPD-Chefin            Nahles will „Bürgergeld“ statt Hartz IV;https://www.wiwo.de/politik/deutschland/spd-chefin-nahles-will-buergergeld-statt-hartz-iv/23649200.html;SPD-Chefin Nahles will „Bürgergeld“ statt Hartz IV;17.11.2018
1685185786-37;https://www.wiwo.de/suche/?p19868864=13&sw=B%C3%BCrgergeld&search-period=&article=article;Weg aus der Mitte nach links?            Die SPD und das „Bürgergeld“;https://www.wiwo.de/politik/deutschland/weg-aus-der-mitte-nach-links-die-spd-und-das-buergergeld/23650258.html;Weg aus der Mitte nach links? Die SPD und das „Bürgergeld“;18.11.2018
1685185790-38;https://www.wiwo.de/suche/?p19868864=13&sw=B%C3%BCrgergeld&search-period=&article=article;Ex-SPD-Chef            Gabriel warnt SPD vor Fixierung auf Hartz IV;https://www.wiwo.de/politik/deutschland/ex-spd-chef-gabriel-warnt-spd-vor-fixierung-auf-hartz-iv/23661456.html;Ex-SPD-Chef Gabriel warnt SPD vor Fixierung auf Hartz IV;21.11.2018
1685185793-39;https://www.wiwo.de/suche/?p19868864=13&sw=B%C3%BCrgergeld&search-period=&article=article;SPD und Grüne            Wirtschaftsweise kritisieren Hartz-Vorstöße scharf;https://www.wiwo.de/politik/deutschland/spd-und-gruene-wirtschaftsweise-kritisieren-hartz-vorstoesse-scharf/23668186.html;SPD und Grüne Wirtschaftsweise kritisieren Hartz-Vorstöße scharf;22.11.2018
1685185796-40;https://www.wiwo.de/suche/?p19868864=13&sw=B%C3%BCrgergeld&search-period=&article=article;Kritik an SPD-Vorstoß            Bundesagentur-Chef fordert Hartz-Reform;https://www.wiwo.de/politik/deutschland/kritik-an-spd-vorstoss-bundesagentur-chef-fordert-hartz-reform/23823220.html;Kritik an SPD-Vorstoß Bundesagentur-Chef fordert Hartz-Reform;03.01.2019
1685185799-41;https://www.wiwo.de/suche/?p19868864=13&sw=B%C3%BCrgergeld&search-period=&article=article;Grundsicherung            Chef der Arbeitsagentur plädiert für Hartz-Reform;https://www.wiwo.de/politik/deutschland/grundsicherung-chef-der-arbeitsagentur-plaediert-fuer-hartz-reform/23823684.html;Grundsicherung Chef der Arbeitsagentur plädiert für Hartz-Reform;03.01.2019
1685185802-42;https://www.wiwo.de/suche/?p19868864=13&sw=B%C3%BCrgergeld&search-period=&article=article;SPD-Sozialpolitik            Der Abschied vom Äquivalenzprinzip;https://www.wiwo.de/politik/deutschland/spd-sozialpolitik-der-abschied-vom-aequivalenzprinzip/23958584.html;SPD-Sozialpolitik Der Abschied vom Äquivalenzprinzip;06.02.2019
1685185813-43;https://www.wiwo.de/suche/?p19868864=12&sw=B%C3%BCrgergeld&search-period=&article=article;Sozialstaat            SPD-Vorstand beschließt einstimmig Abkehr von Hartz IV;https://www.wiwo.de/politik/deutschland/sozialstaat-spd-vorstand-beschliesst-einstimmig-abkehr-von-hartz-iv/23970938.html;Sozialstaat SPD-Vorstand beschließt einstimmig Abkehr von Hartz IV;10.02.2019
1685185816-44;https://www.wiwo.de/suche/?p19868864=12&sw=B%C3%BCrgergeld&search-period=&article=article;SPD            Die Hartz-IV-Abwicklung;https://www.wiwo.de/politik/deutschland/spd-die-hartz-iv-abwicklung/23971530.html;SPD Die Hartz-IV-Abwicklung;10.02.2019
1685185819-45;https://www.wiwo.de/suche/?p19868864=12&sw=B%C3%BCrgergeld&search-period=&article=article;Sozialpolitik            „Das ist Quatsch“ – Weil wehrt sich gegen Kritik an Hartz-IV-Reformkonzept;https://www.wiwo.de/politik/deutschland/sozialpolitik-das-ist-quatsch-weil-wehrt-sich-gegen-kritik-an-hartz-iv-reformkonzept/23972136.html;Sozialpolitik „Das ist Quatsch“ – Weil wehrt sich gegen Kritik an Hartz-IV-Reformkonzept;11.02.2019
1685185823-46;https://www.wiwo.de/suche/?p19868864=12&sw=B%C3%BCrgergeld&search-period=&article=article;Sozialreform            Nahles: Frage des Verbleibs in der Koalition kein Thema;https://www.wiwo.de/politik/deutschland/sozialreform-nahles-frage-des-verbleibs-in-der-koalition-kein-thema/23974036.html;Sozialreform Nahles: Frage des Verbleibs in der Koalition kein Thema;11.02.2019
1685185827-47;https://www.wiwo.de/suche/?p19868864=12&sw=B%C3%BCrgergeld&search-period=&article=article;Andrea Nahles            Gesprächsstoff für die Koalition: Grundrente und Hartz-IV-Sanktionen;https://www.wiwo.de/politik/deutschland/andrea-nahles-gespraechsstoff-fuer-die-koalition-grundrente-und-hartz-iv-sanktionen/23975082.html;Andrea Nahles Gesprächsstoff für die Koalition: Grundrente und Hartz-IV-Sanktionen;11.02.2019
1685185830-48;https://www.wiwo.de/suche/?p19868864=12&sw=B%C3%BCrgergeld&search-period=&article=article;Detlef Scheele            „Rein in die Werkshalle“;https://www.wiwo.de/my/politik/deutschland/detlef-scheele-rein-in-die-werkshalle/23986262.html;Detlef Scheele „Rein in die Werkshalle“;14.02.2019
1685185835-49;https://www.wiwo.de/suche/?p19868864=12&sw=B%C3%BCrgergeld&search-period=&article=article;„Bürgergeld“            Italien führt Grundeinkommen ein;https://www.wiwo.de/politik/europa/buergergeld-italien-fuehrt-grundeinkommen-ein/24076970.html;„Bürgergeld“ Italien führt Grundeinkommen ein;07.03.2019
1685185839-50;https://www.wiwo.de/suche/?p19868864=12&sw=B%C3%BCrgergeld&search-period=&article=article;Ökonom Straubhaar            „Italienisches Bürgergeld ist kein Vorbild für Deutschland“;https://www.wiwo.de/politik/deutschland/oekonom-straubhaar-italienisches-buergergeld-ist-kein-vorbild-fuer-deutschland/24081144.html;Ökonom Straubhaar „Italienisches Bürgergeld ist kein Vorbild für Deutschland“;08.03.2019
1685185855-51;https://www.wiwo.de/suche/?p19868864=12&sw=B%C3%BCrgergeld&search-period=&article=article;Über 300.000 Anträge            Ansturm auf neues italienisches Bürgergeld;https://www.wiwo.de/politik/europa/ueber-300-000-antraege-ansturm-auf-neues-italienisches-buergergeld/24096106.html;Über 300.000 Anträge Ansturm auf neues italienisches Bürgergeld;13.03.2019
1685185873-52;https://www.wiwo.de/suche/?p19868864=12&sw=B%C3%BCrgergeld&search-period=&article=article;Ortsbesuch            Bürgergeld in Italien: Wie Hartz IV, nur schlechter;https://www.wiwo.de/my/politik/europa/ortsbesuch-buergergeld-in-italien-wie-hartz-iv-nur-schlechter/24166660.html;Ortsbesuch Bürgergeld in Italien: Wie Hartz IV, nur schlechter;01.04.2019
1685185880-53;https://www.wiwo.de/suche/?p19868864=11&sw=B%C3%BCrgergeld&search-period=&article=article;Italienischer Professor            Bürgergeld: Experte warnt vor massivem Missbrauch;https://www.wiwo.de/my/politik/europa/italienischer-professor-buergergeld-experte-warnt-vor-massivem-missbrauch/24170270.html;Italienischer Professor Bürgergeld: Experte warnt vor massivem Missbrauch;02.04.2019
1685185884-54;https://www.wiwo.de/suche/?p19868864=11&sw=B%C3%BCrgergeld&search-period=&article=article;FDP mit Wachstumsschwäche            Sind die Liberalen zu lahm?;https://www.wiwo.de/my/politik/deutschland/fdp-mit-wachstumsschwaeche-sind-die-liberalen-zu-lahm/24953008.html;FDP mit Wachstumsschwäche Sind die Liberalen zu lahm?;30.08.2019
1685185887-55;https://www.wiwo.de/suche/?p19868864=11&sw=B%C3%BCrgergeld&search-period=&article=article;Staatshaushalt            Italien plant Haushaltsdefizit von 2,2 Prozent;https://www.wiwo.de/politik/ausland/staatshaushalt-italien-plant-haushaltsdefizit-von-2-2-prozent/25072166.html;Staatshaushalt Italien plant Haushaltsdefizit von 2,2 Prozent;30.09.2019
1685185890-56;https://www.wiwo.de/suche/?p19868864=11&sw=B%C3%BCrgergeld&search-period=&article=article;Bundesarbeitsministerium            Jeder fünfte Empfänger steckt dauerhaft im Hartz-IV-System;https://www.wiwo.de/politik/deutschland/bundesarbeitsministerium-jeder-fuenfte-empfaenger-steckt-dauerhaft-im-hartz-iv-system-/25316618.html;Bundesarbeitsministerium Jeder fünfte Empfänger steckt dauerhaft im Hartz-IV-System;09.12.2019
1685185893-57;https://www.wiwo.de/suche/?p19868864=11&sw=B%C3%BCrgergeld&search-period=&article=article;CDU-Finanzexperte            Merz will radikale Steuerreform: „Bierdeckel kommt beidseitig beschrieben“;https://www.wiwo.de/politik/deutschland/cdu-finanzexperte-merz-will-radikale-steuerreform-bierdeckel-kommt-beidseitig-beschrieben/25431880.html;CDU-Finanzexperte Merz will radikale Steuerreform: „Bierdeckel kommt beidseitig beschrieben“;14.01.2020
1685185896-58;https://www.wiwo.de/suche/?p19868864=11&sw=B%C3%BCrgergeld&search-period=&article=article;Vertrauenskrise            Du musst mir vertrauen!;https://www.wiwo.de/my/politik/deutschland/vertrauenskrise-du-musst-mir-vertrauen/25643764.html;Vertrauenskrise Du musst mir vertrauen!;15.03.2020
1685185900-59;https://www.wiwo.de/suche/?p19868864=11&sw=B%C3%BCrgergeld&search-period=&article=article;RWE-Renewables-Chefin            „Kleine werden nicht mithalten können“;https://www.wiwo.de/my/unternehmen/energie/rwe-renewables-chefin-anja-isabel-dotzenrath-kleine-werden-nicht-mithalten-koennen/25988504.html;RWE-Renewables-Chefin Anja-Isabel Dotzenrath „Kleine werden nicht mithalten können“;09.07.2020
1685185903-60;https://www.wiwo.de/suche/?p19868864=11&sw=B%C3%BCrgergeld&search-period=&article=article;Bundesarbeitsminister            Heil plant halbe Milliarde Euro für Hartz-IV-Reform;https://www.wiwo.de/politik/deutschland/bundesarbeitsminister-heil-plant-halbe-milliarde-euro-fuer-hartz-iv-reform/26782854.html;Bundesarbeitsminister Heil plant halbe Milliarde Euro für Hartz-IV-Reform;09.01.2021
1685185906-61;https://www.wiwo.de/suche/?p19868864=11&sw=B%C3%BCrgergeld&search-period=&article=article;SPD            Danke schön, Genossen!;https://www.wiwo.de/politik/deutschland/spd-danke-schoen-genossen/26972576.html;SPD Danke schön, Genossen!;05.03.2021
1685185910-62;https://www.wiwo.de/suche/?p19868864=11&sw=B%C3%BCrgergeld&search-period=&article=article;FDP            Für alles offen – und trotzdem dicht;https://www.wiwo.de/politik/deutschland/fdp-fuer-alles-offen-und-trotzdem-dicht/27090322.html;FDP Für alles offen – und trotzdem dicht;13.04.2021
1685185917-63;https://www.wiwo.de/suche/?p19868864=10&sw=B%C3%BCrgergeld&search-period=&article=article;Wahlkampf            Johannes Vogel – der Ampelmann für die FDP;https://www.wiwo.de/my/politik/deutschland/wahlkampf-johannes-vogel-der-ampelmann-fuer-die-fdp/27164160.html;Wahlkampf Johannes Vogel – der Ampelmann für die FDP;10.05.2021
1685185920-64;https://www.wiwo.de/suche/?p19868864=10&sw=B%C3%BCrgergeld&search-period=&article=article;Regierungsbildung            Koalitionsverhandlungen für Ampel-Bündnis beginnen – Um diese Punkte geht es;https://www.wiwo.de/politik/deutschland/regierungsbildung-koalitionsverhandlungen-fuer-ampel-buendnis-beginnen-um-diese-punkte-geht-es/27724754.html;Regierungsbildung Koalitionsverhandlungen für Ampel-Bündnis beginnen – Um diese Punkte geht es;21.10.2021
1685185924-65;https://www.wiwo.de/suche/?p19868864=10&sw=B%C3%BCrgergeld&search-period=&article=article;Haushaltstrick der Ampel-Koalition            Christian Lindners Dilemma um den Honigtopf;https://www.wiwo.de/politik/deutschland/haushaltstrick-der-ampel-koalition-christian-lindners-dilemma-um-den-honigtopf/27836444.html;Haushaltstrick der Ampel-Koalition Christian Lindners Dilemma um den Honigtopf;26.11.2021
1685185928-66;https://www.wiwo.de/suche/?p19868864=10&sw=B%C3%BCrgergeld&search-period=&article=article;Geplante Ampel-Reform            Hartz IV heißt bald Bürgergeld – aber was ändert sich wirklich?;https://www.wiwo.de/politik/deutschland/geplante-ampel-reform-hartz-iv-heisst-bald-buergergeld-aber-was-aendert-sich-wirklich/27877890.html;Geplante Ampel-Reform Hartz IV heißt bald Bürgergeld – aber was ändert sich wirklich?;11.12.2021
1685185945-67;https://www.wiwo.de/suche/?p19868864=10&sw=B%C3%BCrgergeld&search-period=&article=article;Erste Regierungserklärung            Scholz beschwört Aufbruch für Deutschland mit Ampel-Regierung;https://www.wiwo.de/politik/deutschland/erste-regierungserklaerung-scholz-beschwoert-aufbruch-fuer-deutschland-mit-ampel-regierung/27895182.html;Erste Regierungserklärung Scholz beschwört Aufbruch für Deutschland mit Ampel-Regierung;15.12.2021
1685185962-68;https://www.wiwo.de/suche/?p19868864=10&sw=B%C3%BCrgergeld&search-period=&article=article;SPD-Personalpolitik            Olafs rote Kämpferinnen;https://www.wiwo.de/politik/deutschland/spd-personalpolitik-olafs-rote-kaempferinnen/28010192.html;SPD-Personalpolitik Olafs rote Kämpferinnen;26.01.2022
1685185965-69;https://www.wiwo.de/suche/?p19868864=10&sw=B%C3%BCrgergeld&search-period=&article=article;Denkfabrik            Deutschland braucht jetzt eine Agenda 2030;https://www.wiwo.de/my/politik/konjunktur/denkfabrik-deutschland-braucht-jetzt-eine-agenda-2030/28233192.html;Denkfabrik Deutschland braucht jetzt eine Agenda 2030;13.04.2022
1685185968-70;https://www.wiwo.de/suche/?p19868864=10&sw=B%C3%BCrgergeld&search-period=&article=article;Rückkehr ins Spitzenamt            Diese vier Baustellen warten auf Andrea Nahles;https://www.wiwo.de/politik/deutschland/rueckkehr-ins-spitzenamt-diese-vier-baustellen-warten-auf-andrea-nahles/28295886.html;Rückkehr ins Spitzenamt Diese vier Baustellen warten auf Andrea Nahles;02.05.2022
1685185972-71;https://www.wiwo.de/suche/?p19868864=10&sw=B%C3%BCrgergeld&search-period=&article=article;Bürgergeld statt Hartz IV            Warum es kein bedingungsloses Grundeinkommen light gibt;https://www.wiwo.de/politik/deutschland/buergergeld-statt-hartz-iv-warum-es-kein-bedingungsloses-grundeinkommen-light-gibt/28332298.html;Bürgergeld statt Hartz IV Warum es kein bedingungsloses Grundeinkommen light gibt;12.05.2022
1685185976-72;https://www.wiwo.de/suche/?p19868864=10&sw=B%C3%BCrgergeld&search-period=&article=article;Entlastung für geringe und mittlere Einkommen            „Soziales Klimageld“: Das steckt hinter dem Vorschlag von Bundessozialminister Heil;https://www.wiwo.de/politik/deutschland/entlastung-fuer-geringe-und-mittlere-einkommen-soziales-klimageld-das-steckt-hinter-dem-vorschlag-von-bundessozialminister-heil/28381534.html;Entlastung für geringe und mittlere Einkommen „Soziales Klimageld“: Das steckt hinter dem Vorschlag von Bundessozialminister Heil;29.05.2022
1685185983-73;https://www.wiwo.de/suche/?p19868864=9&sw=B%C3%BCrgergeld&search-period=&article=article;Bundesetat 2022            Fast 140 Milliarden neue Schulden;https://www.wiwo.de/politik/deutschland/bundesetat-2022-fast-140-milliarden-neue-schulden/28400008.html;Bundesetat 2022 Fast 140 Milliarden neue Schulden;03.06.2022
1685185987-74;https://www.wiwo.de/suche/?p19868864=9&sw=B%C3%BCrgergeld&search-period=&article=article;Hubertus Heil            „Aufstocker werden ein Recht auf Ausbildung bekommen“;https://www.wiwo.de/my/politik/deutschland/hubertus-heil-aufstocker-werden-ein-recht-auf-ausbildung-bekommen/28447792.html;Hubertus Heil „Aufstocker werden ein Recht auf Ausbildung bekommen“;24.06.2022
1685185990-75;https://www.wiwo.de/suche/?p19868864=9&sw=B%C3%BCrgergeld&search-period=&article=article;Entlastungspaket            Heil kündigt deutliche Erhöhung der Hartz-IV-Sätze an;https://www.wiwo.de/politik/deutschland/entlastungspaket-heil-kuendigt-deutliche-erhoehung-der-hartz-iv-saetze-an/28509318.html;Entlastungspaket Heil kündigt deutliche Erhöhung der Hartz-IV-Sätze an;15.07.2022
1685185993-76;https://www.wiwo.de/suche/?p19868864=9&sw=B%C3%BCrgergeld&search-period=&article=article;Arbeitnehmermarkt            Die Arbeit wird uns nicht ausgehen – aber...;https://www.wiwo.de/politik/deutschland/arbeitnehmermarkt-die-arbeit-wird-uns-nicht-ausgehen-aber-/28505482.html;Arbeitnehmermarkt Die Arbeit wird uns nicht ausgehen – aber...;17.07.2022
1685185997-77;https://www.wiwo.de/suche/?p19868864=9&sw=B%C3%BCrgergeld&search-period=&article=article;Debatte ums Bürgergeld            Herr Heil, es kann nicht nur ums Geld gehen!;https://www.wiwo.de/politik/deutschland/debatte-ums-buergergeld-herr-heil-es-kann-nicht-nur-ums-geld-gehen/28537800.html;Debatte ums Bürgergeld Herr Heil, es kann nicht nur ums Geld gehen!;21.07.2022
1685186001-78;https://www.wiwo.de/suche/?p19868864=9&sw=B%C3%BCrgergeld&search-period=&article=article;Uniper-Rettung            Scholz gibt den Kümmer-Kanzler – aber alle müssen zahlen;https://www.wiwo.de/politik/deutschland/uniper-rettung-scholz-gibt-den-kuemmer-kanzler-aber-alle-muessen-zahlen/28542682.html;Uniper-Rettung Scholz gibt den Kümmer-Kanzler – aber alle müssen zahlen;22.07.2022
1685186004-79;https://www.wiwo.de/suche/?p19868864=9&sw=B%C3%BCrgergeld&search-period=&article=article;Umlage            Energie-Preise: Habeck sieht Gesprächsbedarf über zusätzliche Entlastungen;https://www.wiwo.de/politik/deutschland/umlage-energie-preise-habeck-sieht-gespraechsbedarf-ueber-zusaetzliche-entlastungen/28558458.html;Umlage Energie-Preise: Habeck sieht Gesprächsbedarf über zusätzliche Entlastungen;28.07.2022
1685186008-80;https://www.wiwo.de/suche/?p19868864=9&sw=B%C3%BCrgergeld&search-period=&article=article;Stadtwerke zur Gasumlage            Stadtwerke erwarten teilweise Zahlungsausfälle bei Gaskunden;https://www.wiwo.de/unternehmen/energie/stadtwerke-zur-gasumlage-stadtwerke-erwarten-teilweise-zahlungsausfaelle-bei-gaskunden/28560834.html;Stadtwerke zur Gasumlage Stadtwerke erwarten teilweise Zahlungsausfälle bei Gaskunden;30.07.2022
1685186016-81;https://www.wiwo.de/suche/?p19868864=8&sw=B%C3%BCrgergeld&search-period=&article=article;Bundesagentur für Arbeit            Bätschi, da ist sie wieder: Nahles zurück im Spitzenamt;https://www.wiwo.de/my/politik/deutschland/bundesagentur-fuer-arbeit-baetschi-da-ist-sie-wieder-nahles-zurueck-im-spitzenamt/28559168.html;Bundesagentur für Arbeit Bätschi, da ist sie wieder: Nahles zurück im Spitzenamt;31.07.2022
1685186020-82;https://www.wiwo.de/suche/?p19868864=8&sw=B%C3%BCrgergeld&search-period=&article=article;Nord Stream 1            Schlagabtausch von Deutschland und Russland im Turbinen-Streit;https://www.wiwo.de/politik/deutschland/nord-stream-1-schlagabtausch-von-deutschland-und-russland-im-turbinen-streit/28571382.html;Nord Stream 1 Schlagabtausch von Deutschland und Russland im Turbinen-Streit;03.08.2022
1685186023-83;https://www.wiwo.de/suche/?p19868864=8&sw=B%C3%BCrgergeld&search-period=&article=article;Pressekonferenz            Scholz sichert Bürgern Unterstützung im Herbst und Winter zu;https://www.wiwo.de/politik/deutschland/pressekonferenz-scholz-sichert-buergern-unterstuetzung-im-herbst-und-winter-zu/28592286.html;Pressekonferenz Scholz sichert Bürgern Unterstützung im Herbst und Winter zu;11.08.2022
1685186026-84;https://www.wiwo.de/suche/?p19868864=8&sw=B%C3%BCrgergeld&search-period=&article=article;Umfrage            Deutschlands Führungskräfte strafen Scholz, Lindner und Habeck ab;https://www.wiwo.de/my/politik/deutschland/umfrage-deutschlands-fuehrungskraefte-strafen-scholz-lindner-und-habeck-ab/28590326.html;Umfrage Deutschlands Führungskräfte strafen Scholz, Lindner und Habeck ab;11.08.2022
1685186029-85;https://www.wiwo.de/suche/?p19868864=8&sw=B%C3%BCrgergeld&search-period=&article=article;Gasumlagen            Gaspreise steigen: Wie die Bürger zusätzlich entlastet werden könnten;https://www.wiwo.de/politik/deutschland/gasumlagen-gaspreise-steigen-wie-die-buerger-zusaetzlich-entlastet-werden-koennten/28607264.html;Gasumlagen Gaspreise steigen: Wie die Bürger zusätzlich entlastet werden könnten;17.08.2022
1685186032-86;https://www.wiwo.de/suche/?p19868864=8&sw=B%C3%BCrgergeld&search-period=&article=article;Koalition im Klassenkampf            Wild wuchernde Entlastungsdebatte statt eines Plans für den Winter;https://www.wiwo.de/my/politik/deutschland/koalition-im-klassenkampf-wild-wuchernde-entlastungsdebatte-statt-eines-plans-fuer-den-winter/28607840.html;Koalition im Klassenkampf Wild wuchernde Entlastungsdebatte statt eines Plans für den Winter;18.08.2022
1685186036-87;https://www.wiwo.de/suche/?p19868864=8&sw=B%C3%BCrgergeld&search-period=&article=article;Gaskrise            Wirtschaftsverbände kritisieren Mehrwertsteuersenkung auf Gas;https://www.wiwo.de/politik/deutschland/gaskrise-wirtschaftsverbaende-kritisieren-mehrwertsteuersenkung-auf-gas/28611750.html;Gaskrise Wirtschaftsverbände kritisieren Mehrwertsteuersenkung auf Gas;19.08.2022
1685186039-88;https://www.wiwo.de/suche/?p19868864=8&sw=B%C3%BCrgergeld&search-period=&article=article;Hartz IV Reform            Arbeitgeber lehnen Bürgergeld ab – „Bankrotterklärung des Staates“;https://www.wiwo.de/politik/deutschland/hartz-iv-reform-arbeitgeber-lehnen-buergergeld-ab-bankrotterklaerung-des-staates/28620730.html;Hartz IV-Reform Arbeitgeber lehnen Bürgergeld ab – „Bankrotterklärung des Staates“;23.08.2022
1685186042-89;https://www.wiwo.de/suche/?p19868864=8&sw=B%C3%BCrgergeld&search-period=&article=article;Medienbericht            Künftiges Bürgergeld soll für Alleinstehende 502 Euro betragen;https://www.wiwo.de/politik/deutschland/medienbericht-kuenftiges-buergergeld-soll-fuer-alleinstehende-502-euro-betragen/28673476.html;Medienbericht Künftiges Bürgergeld soll für Alleinstehende 502 Euro betragen;10.09.2022
1685186049-90;https://www.wiwo.de/suche/?p19868864=7&sw=B%C3%BCrgergeld&search-period=&article=article;Hartz IV wird Bürgergeld            Arbeit muss sich lohnen, Herr Heil!;https://www.wiwo.de/politik/deutschland/hartz-iv-wird-buergergeld-arbeit-muss-sich-lohnen-herr-heil/28678104.html;Hartz IV wird Bürgergeld Arbeit muss sich lohnen, Herr Heil!;13.09.2022
1685186053-91;https://www.wiwo.de/suche/?p19868864=7&sw=B%C3%BCrgergeld&search-period=&article=article;Entlastungspaket            Im Bundesrat formiert sich Widerstand gegen Entlastungspaket;https://www.wiwo.de/politik/deutschland/entlastungspaket-im-bundesrat-formiert-sich-widerstand-gegen-entlastungspaket/28688188.html;Entlastungspaket Im Bundesrat formiert sich Widerstand gegen Entlastungspaket;17.09.2022
1685186056-92;https://www.wiwo.de/suche/?p19868864=7&sw=B%C3%BCrgergeld&search-period=&article=article;Zu hohe Staatsausgaben            Ohne Gasumlage und Schuldenbremse muss auch das Bürgergeld kippen!;https://www.wiwo.de/politik/deutschland/zu-hohe-staatsausgaben-ohne-gasumlage-und-schuldenbremse-muss-auch-das-buergergeld-kippen/28705764.html;Zu hohe Staatsausgaben Ohne Gasumlage und Schuldenbremse muss auch das Bürgergeld kippen!;26.09.2022
1685186073-93;https://www.wiwo.de/suche/?p19868864=7&sw=B%C3%BCrgergeld&search-period=&article=article;Abwehrschirm der Ampel            Union unterstützt Lindner und fordert: „Mal zwei Jahre die Pobacken zusammenkneifen“;https://www.wiwo.de/politik/deutschland/abwehrschirm-der-ampel-union-unterstuetzt-lindner-und-fordert-mal-zwei-jahre-die-pobacken-zusammenkneifen/28716498.html;Abwehrschirm der Ampel Union unterstützt Lindner und fordert: „Mal zwei Jahre die Pobacken zusammenkneifen“;30.09.2022
1685186077-94;https://www.wiwo.de/suche/?p19868864=7&sw=B%C3%BCrgergeld&search-period=&article=article;Abwehrschirm der Regierung            Mit ihrem dilettantischen Vorgehen droht der Ampel ein Scherbenhaufen;https://www.wiwo.de/my/politik/deutschland/abwehrschirm-der-regierung-mit-ihrem-dilettantischen-vorgehen-droht-der-ampel-ein-scherbenhaufen/28725978.html;Abwehrschirm der Regierung Mit ihrem dilettantischen Vorgehen droht der Ampel ein Scherbenhaufen;07.10.2022
1685186080-95;https://www.wiwo.de/suche/?p19868864=7&sw=B%C3%BCrgergeld&search-period=&article=article;Bonn            Grünen-Parteitag: Parteispitze sagt „Ja“ zur Realpolitik;https://www.wiwo.de/politik/deutschland/bonn-gruenen-parteitag-parteispitze-sagt-ja-zur-realpolitik/28747484.html;Bonn Grünen-Parteitag: Parteispitze sagt „Ja“ zur Realpolitik;14.10.2022
1685186084-96;https://www.wiwo.de/suche/?p19868864=7&sw=B%C3%BCrgergeld&search-period=&article=article;Denkfabrik            Solidarität ist keine Einbahnstraße – auch nicht beim Bürgergeld;https://www.wiwo.de/my/politik/deutschland/denkfabrik-solidaritaet-ist-keine-einbahnstrasse-auch-nicht-beim-buergergeld/28757242.html;Denkfabrik Solidarität ist keine Einbahnstraße – auch nicht beim Bürgergeld;22.10.2022
1685186087-97;https://www.wiwo.de/suche/?p19868864=7&sw=B%C3%BCrgergeld&search-period=&article=article;„Unverhältnismäßig“            So verhöhnt das Bürgergeld die Steuerzahler;https://www.wiwo.de/politik/deutschland/unverhaeltnismaessig-so-verhoehnt-das-buergergeld-die-steuerzahler/28757114.html;„Unverhältnismäßig“ So verhöhnt das Bürgergeld die Steuerzahler;23.10.2022
1685186090-98;https://www.wiwo.de/suche/?p19868864=7&sw=B%C3%BCrgergeld&search-period=&article=article;Wer, wofür, wie viel            Diese drei Grafiken zeigen das Sanktionsregime bei Hartz IV und Bürgergeld;https://www.wiwo.de/my/politik/deutschland/wer-wofuer-wie-viel-diese-drei-grafiken-zeigen-das-sanktionsregime-bei-hartz-iv-und-buergergeld/28766782.html;Wer, wofür, wie viel Diese drei Grafiken zeigen das Sanktionsregime bei Hartz IV und Bürgergeld;25.10.2022
1685186094-99;https://www.wiwo.de/suche/?p19868864=7&sw=B%C3%BCrgergeld&search-period=&article=article;Steuerschätzung            Lindner in Steuerzwickmühle: Brutto hui, netto pfui;https://www.wiwo.de/politik/deutschland/steuerschaetzung-lindner-in-steuerzwickmuehle-brutto-hui-netto-pfui/28774106.html;Steuerschätzung Lindner in Steuerzwickmühle: Brutto hui, netto pfui;27.10.2022
1685186097-100;https://www.wiwo.de/suche/?p19868864=7&sw=B%C3%BCrgergeld&search-period=&article=article;Hartz-IV-Nachfolger            Ampelfraktionen legen offenbar Kompromiss zu Bürgergeld vor;https://www.wiwo.de/politik/deutschland/hartz-iv-nachfolger-ampelfraktionen-legen-offenbar-kompromiss-zu-buergergeld-vor/28789806.html;Hartz-IV-Nachfolger Ampelfraktionen legen offenbar Kompromiss zu Bürgergeld vor;04.11.2022
1685186104-101;https://www.wiwo.de/suche/?p19868864=6&sw=B%C3%BCrgergeld&search-period=&article=article;Prestigeprojekt der Regierung            Liebe Ampel, das Bürgergeld passt nicht in die Zeit!;https://www.wiwo.de/politik/deutschland/prestigeprojekt-der-regierung-liebe-ampel-das-buergergeld-passt-nicht-in-die-zeit/28784830.html;Prestigeprojekt der Regierung Liebe Ampel, das Bürgergeld passt nicht in die Zeit!;06.11.2022
1685186108-102;https://www.wiwo.de/suche/?p19868864=6&sw=B%C3%BCrgergeld&search-period=&article=article;Streit um Bürgergeld            FDP und SPD weisen Merz-Vorschlag strikt zurück;https://www.wiwo.de/politik/deutschland/streit-um-buergergeld-fdp-und-spd-weisen-merz-vorschlag-strikt-zurueck/28793124.html;Streit um Bürgergeld FDP und SPD weisen Merz-Vorschlag strikt zurück;07.11.2022
1685186111-103;https://www.wiwo.de/suche/?p19868864=6&sw=B%C3%BCrgergeld&search-period=&article=article;Wirtschaftsplan            Energiepreisbremsen: Mehr als 80 Milliarden Euro allein 2023;https://www.wiwo.de/politik/deutschland/wirtschaftsplan-energiepreisbremsen-mehr-als-80-milliarden-euro-allein-2023/28791862.html;Wirtschaftsplan Energiepreisbremsen: Mehr als 80 Milliarden Euro allein 2023;07.11.2022
1685186114-104;https://www.wiwo.de/suche/?p19868864=6&sw=B%C3%BCrgergeld&search-period=&article=article;Sozialreform            Heil setzt auf Schnellverfahren beim Bürgergeld;https://www.wiwo.de/politik/deutschland/sozialreform-heil-setzt-auf-schnellverfahren-beim-buergergeld/28801260.html;Sozialreform Heil setzt auf Schnellverfahren beim Bürgergeld;10.11.2022
1685186119-105;https://www.wiwo.de/suche/?p19868864=6&sw=B%C3%BCrgergeld&search-period=&article=article;Bundestag beschließt Reform            Aus Hartz IV wird Bürgergeld;https://www.wiwo.de/politik/deutschland/bundestag-beschliesst-reform-aus-hartz-iv-wird-buergergeld/28801224.html;Bundestag beschließt Reform Aus Hartz IV wird Bürgergeld;10.11.2022
1685186122-106;https://www.wiwo.de/suche/?p19868864=6&sw=B%C3%BCrgergeld&search-period=&article=article;Bundestag beschließt Bürgergeld            „In der geplanten Form ist das Bürgergeld keine Grundsicherung mehr“;https://www.wiwo.de/my/politik/deutschland/bundestag-beschliesst-buergergeld-in-der-geplanten-form-ist-das-buergergeld-keine-grundsicherung-mehr/28794784.html;Bundestag beschließt Bürgergeld „In der geplanten Form ist das Bürgergeld keine Grundsicherung mehr“;10.11.2022
1685186125-107;https://www.wiwo.de/suche/?p19868864=6&sw=B%C3%BCrgergeld&search-period=&article=article;Weiterbildung            Was wirklich über den Erfolg des Bürgergeldes entscheidet;https://www.wiwo.de/politik/deutschland/weiterbildung-was-wirklich-ueber-den-erfolg-des-buergergeldes-entscheidet/28801796.html;Weiterbildung Was wirklich über den Erfolg des Bürgergeldes entscheidet;10.11.2022
1685186129-108;https://www.wiwo.de/suche/?p19868864=6&sw=B%C3%BCrgergeld&search-period=&article=article;Milliardendefizite            Bundesagentur kann wieder ausgeglichenen Haushalt vorlegen;https://www.wiwo.de/politik/deutschland/milliardendefizite-bundesagentur-kann-wieder-ausgeglichenen-haushalt-vorlegen/28805004.html;Milliardendefizite Bundesagentur kann wieder ausgeglichenen Haushalt vorlegen;11.11.2022
1685186133-109;https://www.wiwo.de/suche/?p19868864=6&sw=B%C3%BCrgergeld&search-period=&article=article;Koalition            Söder: Ampel muss bei Bürgergeld grundsätzlich nachbessern;https://www.wiwo.de/politik/deutschland/koalition-soeder-ampel-muss-bei-buergergeld-grundsaetzlich-nachbessern-/28806222.html;Koalition Söder: Ampel muss bei Bürgergeld grundsätzlich nachbessern;13.11.2022
1685186137-110;https://www.wiwo.de/suche/?p19868864=6&sw=B%C3%BCrgergeld&search-period=&article=article;Gesetzentwurf            Bürgergeld scheitert im Bundesrat;https://www.wiwo.de/politik/deutschland/gesetzentwurf-buergergeld-scheitert-im-bundesrat/28808020.html;Gesetzentwurf Bürgergeld scheitert im Bundesrat;14.11.2022
1685186146-111;https://www.wiwo.de/suche/?p19868864=5&sw=B%C3%BCrgergeld&search-period=&article=article;Psychologie des Grundeinkommens            Warum so leidenschaftlich übers Grundeinkommen gestritten wird;https://www.wiwo.de/erfolg/beruf/psychologie-des-grundeinkommens-warum-so-leidenschaftlich-uebers-grundeinkommen-gestritten-wird/28808692.html;Psychologie des Grundeinkommens Warum so leidenschaftlich übers Grundeinkommen gestritten wird;14.11.2022
1685186150-112;https://www.wiwo.de/suche/?p19868864=5&sw=B%C3%BCrgergeld&search-period=&article=article;Nach Blockade der Union            FDP-Vorschlag: Kann dieser Kompromiss das Bürgergeld retten?;https://www.wiwo.de/politik/deutschland/nach-blockade-der-union-fdp-vorschlag-kann-dieser-kompromiss-das-buergergeld-retten/28809472.html;Nach Blockade der Union FDP-Vorschlag: Kann dieser Kompromiss das Bürgergeld retten?;15.11.2022
1685186154-113;https://www.wiwo.de/suche/?p19868864=5&sw=B%C3%BCrgergeld&search-period=&article=article;Bürgergeld            Was fehlt? „Eine deutlichere Verbesserung der Arbeitsanreize“;https://www.wiwo.de/politik/deutschland/buergergeld-was-fehlt-eine-deutlichere-verbesserung-der-arbeitsanreize/28811206.html;Bürgergeld Was fehlt? „Eine deutlichere Verbesserung der Arbeitsanreize“;16.11.2022
1685186157-114;https://www.wiwo.de/suche/?p19868864=5&sw=B%C3%BCrgergeld&search-period=&article=article;Bürgergeld-Streit            Ampel hofft weiter auf Einigung bei der Bürgergeld-Vermittlung;https://www.wiwo.de/politik/deutschland/buergergeld-streit-ampel-hofft-weiter-auf-einigung-bei-der-buergergeld-vermittlung/28813818.html;Bürgergeld-Streit Ampel hofft weiter auf Einigung bei der Bürgergeld-Vermittlung;16.11.2022
1685186160-115;https://www.wiwo.de/suche/?p19868864=5&sw=B%C3%BCrgergeld&search-period=&article=article;Soziales            Streit um Bürgergeld soll im Schnellverfahren gelöst werden;https://www.wiwo.de/politik/deutschland/sozialreform-streit-um-buergergeld-soll-im-schnellverfahren-geloest-werden/28817818.html;Sozialreform Streit um Bürgergeld soll im Schnellverfahren gelöst werden;18.11.2022
1685186164-116;https://www.wiwo.de/suche/?p19868864=5&sw=B%C3%BCrgergeld&search-period=&article=article;Parteien            Neuer Chef der Jungen Union: „Gemeinsam Vollgas geben“;https://www.wiwo.de/politik/deutschland/parteien-neuer-chef-der-jungen-union-gemeinsam-vollgas-geben/28820406.html;Parteien Neuer Chef der Jungen Union: „Gemeinsam Vollgas geben“;19.11.2022
1685186167-117;https://www.wiwo.de/suche/?p19868864=5&sw=B%C3%BCrgergeld&search-period=&article=article;Sozialreform            Streit ums Bürgergeld bis zur letzten Minute;https://www.wiwo.de/politik/deutschland/sozialreform-streit-ums-buergergeld-bis-zur-letzten-minute/28820876.html;Sozialreform Streit ums Bürgergeld bis zur letzten Minute;20.11.2022
1685186171-118;https://www.wiwo.de/suche/?p19868864=5&sw=B%C3%BCrgergeld&search-period=&article=article;Sozialreform            Kompromiss beim Bürgergeld? – FDP zwischen Union und Ampel;https://www.wiwo.de/politik/deutschland/sozialreform-kompromiss-beim-buergergeld-fdp-zwischen-union-und-ampel/28821550.html;Sozialreform Kompromiss beim Bürgergeld? – FDP zwischen Union und Ampel;21.11.2022
1685186175-119;https://www.wiwo.de/suche/?p19868864=5&sw=B%C3%BCrgergeld&search-period=&article=article;Soziales            Sozialverband warnt vor Verzögerungen beim Bürgergeld;https://www.wiwo.de/politik/deutschland/soziales-sozialverband-warnt-vor-verzoegerungen-beim-buergergeld/28823632.html;Soziales Sozialverband warnt vor Verzögerungen beim Bürgergeld;22.11.2022
1685186178-120;https://www.wiwo.de/suche/?p19868864=5&sw=B%C3%BCrgergeld&search-period=&article=article;Hohe Immobilienwerte            Bayern fordert höhere Freibeträge für die Erbschaftsteuer – und eine Regionalisierung;https://www.wiwo.de/politik/deutschland/hohe-immobilienwerte-bayern-fordert-hoehere-freibetraege-fuer-die-erbschaftsteuer-und-eine-regionalisierung/28824552.html;Hohe Immobilienwerte Bayern fordert höhere Freibeträge für die Erbschaftsteuer – und eine Regionalisierung;22.11.2022
1685186182-121;https://www.wiwo.de/suche/?p19868864=5&sw=B%C3%BCrgergeld&search-period=&article=article;Bürgergeld statt Hartz IV            Ein ordentlicher Kompromiss;https://www.wiwo.de/politik/deutschland/buergergeld-statt-hartz-iv-ein-ordentlicher-kompromiss/28824620.html;Bürgergeld statt Hartz IV Ein ordentlicher Kompromiss;22.11.2022
1685186188-122;https://www.wiwo.de/suche/?p19868864=4&sw=B%C3%BCrgergeld&search-period=&article=article;Kompromisse in Streitfragen            Weg für Bürgergeld ist frei;https://www.wiwo.de/politik/deutschland/kompromisse-in-streitfragen-weg-fuer-buergergeld-ist-frei/28824168.html;Kompromisse in Streitfragen Weg für Bürgergeld ist frei;22.11.2022
1685186192-123;https://www.wiwo.de/suche/?p19868864=4&sw=B%C3%BCrgergeld&search-period=&article=article;Grundsicherung            Vermittlungsausschuss berät Bürgergeld;https://www.wiwo.de/politik/deutschland/grundsicherung-vermittlungsausschuss-beraet-buergergeld-/28828066.html;Grundsicherung Vermittlungsausschuss berät Bürgergeld;23.11.2022
1685186195-124;https://www.wiwo.de/suche/?p19868864=4&sw=B%C3%BCrgergeld&search-period=&article=article;Hartz-IV-Nachfolge            Bürgergeld: Vermittlungsausschuss gibt grünes Licht;https://www.wiwo.de/politik/deutschland/hartz-iv-nachfolge-buergergeld-vermittlungsausschuss-gibt-gruenes-licht-/28828084.html;Hartz-IV-Nachfolge Bürgergeld: Vermittlungsausschuss gibt grünes Licht;23.11.2022
1685186199-125;https://www.wiwo.de/suche/?p19868864=4&sw=B%C3%BCrgergeld&search-period=&article=article;Arbeitsminister            Wie lange kann Hubertus Heil noch so viel Geld verteilen?;https://www.wiwo.de/my/politik/deutschland/arbeitsminister-wie-lange-kann-hubertus-heil-noch-so-viel-geld-verteilen/28827816.html;Arbeitsminister Wie lange kann Hubertus Heil noch so viel Geld verteilen?;24.11.2022
1685186202-126;https://www.wiwo.de/suche/?p19868864=4&sw=B%C3%BCrgergeld&search-period=&article=article;Hartz IV-Reform             Bürgergeld wird eingeführt – ab 1. Januar fließen 502 Euro;https://www.wiwo.de/politik/deutschland/hartz-iv-reform-buergergeld-wird-eingefuehrt-ab-1-januar-fliessen-502-euro/28831382.html;Hartz IV-Reform  Bürgergeld wird eingeführt – ab 1. Januar fließen 502 Euro;25.11.2022
1685186206-127;https://www.wiwo.de/suche/?p19868864=4&sw=B%C3%BCrgergeld&search-period=&article=article;Erbschaftsteuer            Wie sich die Union als Retter der Erben profiliert;https://www.wiwo.de/my/politik/deutschland/erbschaftsteuer-wie-sich-die-union-als-retter-der-erben-profiliert/28828548.html;Erbschaftsteuer Wie sich die Union als Retter der Erben profiliert;25.11.2022
1685186209-128;https://www.wiwo.de/suche/?p19868864=4&sw=B%C3%BCrgergeld&search-period=&article=article;Reform            Bundestag beschließt neues Bürgergeld mit breiter Mehrheit;https://www.wiwo.de/politik/deutschland/reform-bundestag-beschliesst-neues-buergergeld-mit-breiter-mehrheit/28832084.html;Reform Bundestag beschließt neues Bürgergeld mit breiter Mehrheit;25.11.2022
1685186213-129;https://www.wiwo.de/suche/?p19868864=4&sw=B%C3%BCrgergeld&search-period=&article=article;Staatsangehörigkeit            Scholz für Reform des Staatsbürgerschaftsrechts;https://www.wiwo.de/politik/deutschland/staatsangehoerigkeit-scholz-fuer-reform-des-staatsbuergerschaftsrechts/28833540.html;Staatsangehörigkeit Scholz für Reform des Staatsbürgerschaftsrechts;26.11.2022
1685186221-130;https://www.wiwo.de/suche/?p19868864=3&sw=B%C3%BCrgergeld&search-period=&article=article;Geplante Reform            „Wirtschaftsweise” und Verband für schnellere Einbürgerungen;https://www.wiwo.de/politik/deutschland/staatsbuergerschaft-wirtschaftsweise-und-verband-fuer-schnellere-einbuergerungen/28836592.html;Staatsbürgerschaft „Wirtschaftsweise” und Verband für schnellere Einbürgerungen;29.11.2022
1685186225-131;https://www.wiwo.de/suche/?p19868864=3&sw=B%C3%BCrgergeld&search-period=&article=article;Nouriel Roubini            „China wird Sibirien annektieren. Deshalb ist Putin ein Idiot“;https://www.wiwo.de/my/politik/konjunktur/nouriel-roubini-china-wird-sibirien-annektieren-deshalb-ist-putin-ein-idiot/28841976.html;Nouriel Roubini „China wird Sibirien annektieren. Deshalb ist Putin ein Idiot“;01.12.2022
1685186228-132;https://www.wiwo.de/suche/?p19868864=3&sw=B%C3%BCrgergeld&search-period=&article=article;Entscheiderpanel            Erstes Jahreszeugnis der Ampel: Schlecht wie noch nie;https://www.wiwo.de/politik/deutschland/entscheiderpanel-erstes-jahreszeugnis-der-ampel-schlecht-wie-noch-nie/28841494.html;Entscheiderpanel Erstes Jahreszeugnis der Ampel: Schlecht wie noch nie;07.12.2022
1685186233-133;https://www.wiwo.de/suche/?p19868864=3&sw=B%C3%BCrgergeld&search-period=&article=article;Ampel-Jahrestag            Die Zeitenwende ist stärker als der Fortschritt;https://www.wiwo.de/politik/deutschland/ampel-jahrestag-die-zeitenwende-ist-staerker-als-der-fortschritt/28841476.html;Ampel-Jahrestag Die Zeitenwende ist stärker als der Fortschritt;08.12.2022
1685186236-134;https://www.wiwo.de/suche/?p19868864=3&sw=B%C3%BCrgergeld&search-period=&article=article;Google Jahresrückblick            Das haben die Deutschen 2022 gesucht;https://www.wiwo.de/technologie/digitale-welt/google-jahresrueckblick-das-haben-die-deutschen-2022-gesucht/11126068.html;Google Jahresrückblick Das haben die Deutschen 2022 gesucht;09.12.2022
1685186253-135;https://www.wiwo.de/suche/?p19868864=3&sw=B%C3%BCrgergeld&search-period=&article=article;Steuern, Deutschlandticket & Einmalzahlungen            In diesen Bereichen gibt es für Verbraucher aktuell Entlastungen;https://www.wiwo.de/politik/deutschland/steuern-deutschlandticket-und-einmalzahlungen-in-diesen-bereichen-gibt-es-fuer-verbraucher-aktuell-entlastungen/28663268.html;Steuern, Deutschlandticket & Einmalzahlungen In diesen Bereichen gibt es für Verbraucher aktuell Entlastungen;20.12.2022
1685186256-136;https://www.wiwo.de/suche/?p19868864=3&sw=B%C3%BCrgergeld&search-period=&article=article;Inflation            Schufa-Chefin - Viele Menschen haben nur noch begrenzt Rücklagen;https://www.wiwo.de/finanzen/vorsorge/inflation-schufa-chefin-viele-menschen-haben-nur-noch-begrenzt-ruecklagen/28884618.html;Inflation Schufa-Chefin - Viele Menschen haben nur noch begrenzt Rücklagen;22.12.2022
1685186259-137;https://www.wiwo.de/suche/?p19868864=3&sw=B%C3%BCrgergeld&search-period=&article=article;Der Arbeitsmarkt 2023            „Arbeitslose sind nicht auf Knopfdruck aktivierbar“;https://www.wiwo.de/politik/deutschland/der-arbeitsmarkt-2023-arbeitslose-sind-nicht-auf-knopfdruck-aktivierbar/28870828.html;Der Arbeitsmarkt 2023 „Arbeitslose sind nicht auf Knopfdruck aktivierbar“;27.12.2022
1685186263-138;https://www.wiwo.de/suche/?p19868864=3&sw=B%C3%BCrgergeld&search-period=&article=article;Landtagswahl 2023 in Bayern            Bleibt Söder nach 2023 Ministerpräsident?;https://www.wiwo.de/politik/deutschland/landtagswahl-2023-in-bayern-bleibt-soeder-nach-2023-ministerpraesident-/28885734.html;Landtagswahl 2023 in Bayern Bleibt Söder nach 2023 Ministerpräsident?;27.12.2022
1685186266-139;https://www.wiwo.de/suche/?p19868864=3&sw=B%C3%BCrgergeld&search-period=&article=article;Bürgergeld            Diese Veränderungen bringt die Reform;https://www.wiwo.de/politik/deutschland/buergergeld-diese-veraenderungen-bringt-die-reform/28897246.html;Bürgergeld Diese Veränderungen bringt die Reform;30.12.2022
1685186270-140;https://www.wiwo.de/suche/?p19868864=3&sw=B%C3%BCrgergeld&search-period=&article=article;Macherinnen und Macher            Das werden die wichtigsten Köpfe 2023;https://www.wiwo.de/my/politik/deutschland/macherinnen-und-macher-das-werden-die-wichtigsten-koepfe-2023/28896876.html;Macherinnen und Macher Das werden die wichtigsten Köpfe 2023;02.01.2023
1685186276-141;https://www.wiwo.de/suche/?p19868864=2&sw=B%C3%BCrgergeld&search-period=&article=article;Bürgergeld            So viel (oder wenig) Grundsicherung gibt es in anderen Ländern;https://www.wiwo.de/my/politik/deutschland/buergergeld-so-viel-oder-wenig-grundsicherung-gibt-es-in-anderen-laendern/28819268.html;Bürgergeld So viel (oder wenig) Grundsicherung gibt es in anderen Ländern;12.01.2023
1685186279-142;https://www.wiwo.de/suche/?p19868864=2&sw=B%C3%BCrgergeld&search-period=&article=article;Depoteröffnung für den Nachwuchs            Wem gehört das Geld?;https://www.wiwo.de/my/finanzen/geldanlage/depoteroeffnung-fuer-den-nachwuchs-wem-gehoert-das-geld/28918018.html;Depoteröffnung für den Nachwuchs Wem gehört das Geld?;12.01.2023
1685186282-143;https://www.wiwo.de/suche/?p19868864=2&sw=B%C3%BCrgergeld&search-period=&article=article;Top-Fondsmanager Peter Huber            „Es wird im Frühjahr und Herbst vermutlich noch tiefere Kurse geben“;https://www.wiwo.de/my/finanzen/geldanlage/top-fondsmanager-peter-huber-es-wird-im-fruehjahr-und-herbst-vermutlich-noch-tiefere-kurse-geben/28917588.html;Top-Fondsmanager Peter Huber „Es wird im Frühjahr und Herbst vermutlich noch tiefere Kurse geben“;16.01.2023
1685186286-144;https://www.wiwo.de/suche/?p19868864=2&sw=B%C3%BCrgergeld&search-period=&article=article;Familie            Eckpunkte für Kindergrundsicherung stehen;https://www.wiwo.de/politik/deutschland/familien-eckpunkte-fuer-kindergrundsicherung-stehen/28932952.html;Familien Eckpunkte für Kindergrundsicherung stehen;19.01.2023
1685186290-145;https://www.wiwo.de/suche/?p19868864=2&sw=B%C3%BCrgergeld&search-period=&article=article;Beamtenbund-Chef Silberbach            „Das neue Bürgergeld hat eine Schieflage erzeugt“;https://www.wiwo.de/politik/konjunktur/beamtenbund-chef-silberbach-das-neue-buergergeld-hat-eine-schieflage-erzeugt/28916416.html;Beamtenbund-Chef Silberbach „Das neue Bürgergeld hat eine Schieflage erzeugt“;24.01.2023
1685186294-146;https://www.wiwo.de/suche/?p19868864=2&sw=B%C3%BCrgergeld&search-period=&article=article;Öffentlicher Dienst            Gewerkschaften kündigen Protestaktionen im öffentlichen Dienst an;https://www.wiwo.de/politik/deutschland/oeffentlicher-dienst-gewerkschaften-kuendigen-protestaktionen-im-oeffentlichen-dienst-an/28940158.html;Öffentlicher Dienst Gewerkschaften kündigen Protestaktionen im öffentlichen Dienst an;24.01.2023
1685186297-147;https://www.wiwo.de/suche/?p19868864=2&sw=B%C3%BCrgergeld&search-period=&article=article;Arbeitsmarkt            Bundesagentur für Arbeit: Behörde „an Belastungsgrenze”;https://www.wiwo.de/politik/deutschland/arbeitsmarkt-bundesagentur-fuer-arbeit-behoerde-an-belastungsgrenze/28950314.html;Arbeitsmarkt Bundesagentur für Arbeit: Behörde „an Belastungsgrenze”;29.01.2023
1685186300-148;https://www.wiwo.de/suche/?p19868864=2&sw=B%C3%BCrgergeld&search-period=&article=article;Steigt der Preis?            Bund beschließt Zuschüsse für Deutschland-Ticket bis 2025;https://www.wiwo.de/politik/deutschland/steigt-der-preis-bund-beschliesst-zuschuesse-fuer-deutschland-ticket-bis-2025/28956846.html;Steigt der Preis? Bund beschließt Zuschüsse für Deutschland-Ticket bis 2025;01.02.2023
1685186304-149;https://www.wiwo.de/suche/?p19868864=2&sw=B%C3%BCrgergeld&search-period=&article=article;„Wie in einer Zitronenpresse“            Was ein klammer Bürgermeister von der 10-Prozent-Tarifforderung hält;https://www.wiwo.de/politik/deutschland/wie-in-einer-zitronenpresse-was-ein-klammer-buergermeister-von-der-10-prozent-tarifforderung-haelt/28957364.html;„Wie in einer Zitronenpresse“ Was ein klammer Bürgermeister von der 10-Prozent-Tarifforderung hält;02.02.2023
1685186311-150;https://www.wiwo.de/suche/?p19868864=1&sw=B%C3%BCrgergeld&search-period=&article=article;Tarife            Warnstreik im Öffentlichen Dienst in mehreren Bundesländern;https://www.wiwo.de/politik/deutschland/tarife-warnstreik-im-oeffentlichen-dienst-in-mehreren-bundeslaendern/28972546.html;Tarife Warnstreik im Öffentlichen Dienst in mehreren Bundesländern;09.02.2023
1685186315-151;https://www.wiwo.de/suche/?p19868864=1&sw=B%C3%BCrgergeld&search-period=&article=article;Tarife            Verdi schließt Ausweitung der Warnstreiks nicht aus;https://www.wiwo.de/politik/deutschland/oeffentlicher-dienst-verdi-schliesst-ausweitung-der-warnstreiks-nicht-aus/28982364.html;Öffentlicher Dienst Verdi schließt Ausweitung der Warnstreiks nicht aus;14.02.2023
1685186318-152;https://www.wiwo.de/suche/?p19868864=1&sw=B%C3%BCrgergeld&search-period=&article=article;Zusatzrente generieren            200.000 Euro Abfindung: Wie legt man so eine große Summe richtig an?;https://www.wiwo.de/my/finanzen/geldanlage/zusatzrente-generieren-200-000-euro-abfindung-wie-legt-man-so-eine-grosse-summe-richtig-an/28979700.html;Zusatzrente generieren 200.000 Euro Abfindung: Wie legt man so eine große Summe richtig an?;16.02.2023
1685186322-153;https://www.wiwo.de/suche/?p19868864=1&sw=B%C3%BCrgergeld&search-period=&article=article;Streit um Kindergrundsicherung            „Noch mehr Geld für Eltern führt in den wenigsten Fällen zu mehr Erfolg“;https://www.wiwo.de/politik/deutschland/streit-um-kindergrundsicherung-noch-mehr-geld-fuer-eltern-fuehrt-in-den-wenigsten-faellen-zu-mehr-erfolg/29017080.html;Streit um Kindergrundsicherung „Noch mehr Geld für Eltern führt in den wenigsten Fällen zu mehr Erfolg“;05.03.2023
1685186326-154;https://www.wiwo.de/suche/?p19868864=1&sw=B%C3%BCrgergeld&search-period=&article=article;Kinderarmut in Deutschland            Grüne rücken Kindergrundsicherung in den Fokus;https://www.wiwo.de/politik/deutschland/kinderarmut-in-deutschland-gruene-ruecken-kindergrundsicherung-in-den-fokus/29073348.html;Kinderarmut in Deutschland Grüne rücken Kindergrundsicherung in den Fokus;01.04.2023
1685186330-155;https://www.wiwo.de/suche/?p19868864=1&sw=B%C3%BCrgergeld&search-period=&article=article;Debatte um Kindergrundsicherung            „Wir geben schon eine Billion für Soziales aus – unser Problem ist nicht das Geld“;https://www.wiwo.de/politik/deutschland/debatte-um-kindergrundsicherung-wir-geben-schon-eine-billion-fuer-soziales-aus-unser-problem-ist-nicht-das-geld/29084782.html;Debatte um Kindergrundsicherung „Wir geben schon eine Billion für Soziales aus – unser Problem ist nicht das Geld“;08.04.2023
1685186333-156;https://www.wiwo.de/suche/?p19868864=1&sw=B%C3%BCrgergeld&search-period=&article=article;Fachkräftemangel in Deutschland            Wenn Unternehmen das Personal ausgeht – Ein Überblick zum Fachkräftemangel;https://www.wiwo.de/politik/deutschland/fachkraeftemangel-in-deutschland-wenn-unternehmen-das-personal-ausgeht-ein-ueberblick-zum-fachkraeftemangel/28936056.html;Fachkräftemangel in Deutschland Wenn Unternehmen das Personal ausgeht – Ein Überblick zum Fachkräftemangel;12.04.2023
1685186336-157;https://www.wiwo.de/suche/?p19868864=1&sw=B%C3%BCrgergeld&search-period=&article=article;Bundeshaushalt            Der Fiskus kassiert eine Billion Euro – reicht das nicht?;https://www.wiwo.de/my/politik/deutschland/bundeshaushalt-der-fiskus-kassiert-eine-billion-euro-reicht-das-nicht/29118350.html;Bundeshaushalt Der Fiskus kassiert eine Billion Euro – reicht das nicht?;28.04.2023
1685186340-158;https://www.wiwo.de/suche/?p19868864=1&sw=B%C3%BCrgergeld&search-period=&article=article;Migration            CDU-Wirtschaftsrat: Migration kann Arbeitskräftemangel nicht lösen;https://www.wiwo.de/politik/deutschland/migration-cdu-wirtschaftsrat-migration-kann-arbeitskraeftemangel-nicht-loesen/29141518.html;Migration CDU-Wirtschaftsrat: Migration kann Arbeitskräftemangel nicht lösen;10.05.2023
1685186344-159;https://www.wiwo.de/suche/?p19868864=1&sw=B%C3%BCrgergeld&search-period=&article=article;Migration             „Die Anreize zum Arbeiten müssen steigen“;https://www.wiwo.de/my/politik/deutschland/migration-die-anreize-zum-arbeiten-muessen-steigen/29140502.html;Migration  „Die Anreize zum Arbeiten müssen steigen“;10.05.2023
1685186348-160;https://www.wiwo.de/suche/?p19868864=1&sw=B%C3%BCrgergeld&search-period=&article=article;Grünen-Debakel in Bremen            Abgewatscht an der Weser: Bremen ist mehr als eine Warnung für die Grünen;https://www.wiwo.de/politik/deutschland/gruenen-debakel-in-bremen-abgewatscht-an-der-weser-bremen-ist-mehr-als-eine-warnung-fuer-die-gruenen/29151338.html;Grünen-Debakel in Bremen Abgewatscht an der Weser: Bremen ist mehr als eine Warnung für die Grünen;15.05.2023