web-scraper-order;web-scraper-start-url;Headline;Date;URL;URL-href;
1685289940-1;https://www.handelsblatt.com/suche/?p3616352=10&sw=B%C3%BCrgergeld&search-ressort=-1&search-doctype=article&search-authorids=-1&search-fromdate=01%2F09%2F22&search-todate=10%2F01%2F23&search-sort=date;Die Regierung hilft Unternehmen und Mittelschicht nicht genug;13.09.2022;;https://www.handelsblatt.com/meinung/homo-oeconomicus/gastkommentar-homo-oeconomicus-die-regierung-hilft-unternehmen-und-mittelschicht-nicht-genug/28677740.html
1685289940-2;https://www.handelsblatt.com/suche/?p3616352=10&sw=B%C3%BCrgergeld&search-ressort=-1&search-doctype=article&search-authorids=-1&search-fromdate=01%2F09%2F22&search-todate=10%2F01%2F23&search-sort=date;Neue Hürde fürs Entlastungspaket: Bundesländer wollen über Atomlaufzeiten sprechen;13.09.2022;;https://www.handelsblatt.com/politik/energiekrise-neue-huerde-fuers-entlastungspaket-laender-wollen-ueber-atomlaufzeiten-sprechen-/28674048.html
1685289940-3;https://www.handelsblatt.com/suche/?p3616352=10&sw=B%C3%BCrgergeld&search-ressort=-1&search-doctype=article&search-authorids=-1&search-fromdate=01%2F09%2F22&search-todate=10%2F01%2F23&search-sort=date;Rezession ja oder nein, Inflation rauf oder runter? Prognosen von Ökonomen gehen drastisch auseinander;13.09.2022;;https://www.handelsblatt.com/politik/konjunktur/nachrichten/konjunktur-rezession-ja-oder-nein-inflation-rauf-oder-runter-prognosen-von-oekonomen-gehen-drastisch-auseinander/28676934.html
1685289940-4;https://www.handelsblatt.com/suche/?p3616352=10&sw=B%C3%BCrgergeld&search-ressort=-1&search-doctype=article&search-authorids=-1&search-fromdate=01%2F09%2F22&search-todate=10%2F01%2F23&search-sort=date;Sozialverband kritisiert neue Regelsätze als zu gering;13.09.2022;;https://www.handelsblatt.com/politik/buergergeld-sozialverband-kritisiert-neue-regelsaetze-als-zu-gering/28675686.html
1685289940-5;https://www.handelsblatt.com/suche/?p3616352=10&sw=B%C3%BCrgergeld&search-ressort=-1&search-doctype=article&search-authorids=-1&search-fromdate=01%2F09%2F22&search-todate=10%2F01%2F23&search-sort=date;Künftiges Bürgergeld soll für Alleinstehende 502 Euro betragen;10.09.2022;;https://www.handelsblatt.com/politik/deutschland/medienbericht-kuenftiges-buergergeld-soll-fuer-alleinstehende-502-euro-betragen/28673416.html
1685289940-6;https://www.handelsblatt.com/suche/?p3616352=10&sw=B%C3%BCrgergeld&search-ressort=-1&search-doctype=article&search-authorids=-1&search-fromdate=01%2F09%2F22&search-todate=10%2F01%2F23&search-sort=date;„Deutschland steht zusammen“ – Das Maßnahmenpaket des Bundes im Wortlaut;04.09.2022;;https://www.handelsblatt.com/politik/deutschland/originaltext-deutschland-steht-zusammen-das-massnahmenpaket-des-bundes-im-wortlaut/28656708.html
1685289940-7;https://www.handelsblatt.com/suche/?p3616352=10&sw=B%C3%BCrgergeld&search-ressort=-1&search-doctype=article&search-authorids=-1&search-fromdate=01%2F09%2F22&search-todate=10%2F01%2F23&search-sort=date;Andrea Nahles: Geplante Erhöhung des Arbeitslosenbeitrags könnte zu gering sein;02.09.2022;;https://www.handelsblatt.com/politik/deutschland/ba-chefin-im-interview-andrea-nahles-geplante-erhoehung-des-arbeitslosenbeitrags-koennte-zu-gering-sein/28642598.html
1685289940-8;https://www.handelsblatt.com/suche/?p3616352=10&sw=B%C3%BCrgergeld&search-ressort=-1&search-doctype=article&search-authorids=-1&search-fromdate=01%2F09%2F22&search-todate=10%2F01%2F23&search-sort=date;Welche weiteren Entlastungen wären sinnvoll?;01.09.2022;;https://www.handelsblatt.com/meinung/kommentare/leserdebatte-welche-weiteren-entlastungen-waeren-sinnvoll/28648586.html
1685289959-24;https://www.handelsblatt.com/suche/?p3616352=9&sw=B%C3%BCrgergeld&search-ressort=-1&search-doctype=article&search-authorids=-1&search-fromdate=01%2F09%2F22&search-todate=10%2F01%2F23&search-sort=date;Heil stellt vereinfachte Kurzarbeit über Jahresende hinaus in Aussicht;01.10.2022;;https://www.handelsblatt.com/politik/deutschland/kurzarbeit-heil-stellt-vereinfachte-kurzarbeit-ueber-jahresende-hinaus-in-aussicht/28719066.html
1685289959-25;https://www.handelsblatt.com/suche/?p3616352=9&sw=B%C3%BCrgergeld&search-ressort=-1&search-doctype=article&search-authorids=-1&search-fromdate=01%2F09%2F22&search-todate=10%2F01%2F23&search-sort=date;Falsches Signal;25.09.2022;;https://www.handelsblatt.com/audio/bto/bto-2-0-der-oekonomie-podcast-mit-dr-daniel-stelter-falsches-signal/28763784.html
1685289959-26;https://www.handelsblatt.com/suche/?p3616352=9&sw=B%C3%BCrgergeld&search-ressort=-1&search-doctype=article&search-authorids=-1&search-fromdate=01%2F09%2F22&search-todate=10%2F01%2F23&search-sort=date;USA erhöhen Zinsen: Die Zeit der Falken;22.09.2022;;https://www.handelsblatt.com/meinung/morningbriefing/morning-briefing-usa-erhoehen-zinsen-die-zeit-der-falken-/28697476.html
1685289959-27;https://www.handelsblatt.com/suche/?p3616352=9&sw=B%C3%BCrgergeld&search-ressort=-1&search-doctype=article&search-authorids=-1&search-fromdate=01%2F09%2F22&search-todate=10%2F01%2F23&search-sort=date;Fünf Gründe für die Kommunikationsprobleme des Kanzlers;20.09.2022;;https://www.handelsblatt.com/politik/deutschland/olaf-scholz-fuenf-gruende-fuer-die-kommunikationsprobleme-des-kanzlers/28692244.html
1685289959-28;https://www.handelsblatt.com/suche/?p3616352=9&sw=B%C3%BCrgergeld&search-ressort=-1&search-doctype=article&search-authorids=-1&search-fromdate=01%2F09%2F22&search-todate=10%2F01%2F23&search-sort=date;Im Bundesrat formiert sich Widerstand gegen Entlastungspaket;17.09.2022;;https://www.handelsblatt.com/politik/deutschland/entlastungspaket-im-bundesrat-formiert-sich-widerstand-gegen-entlastungspaket/28688110.html
1685289959-29;https://www.handelsblatt.com/suche/?p3616352=9&sw=B%C3%BCrgergeld&search-ressort=-1&search-doctype=article&search-authorids=-1&search-fromdate=01%2F09%2F22&search-todate=10%2F01%2F23&search-sort=date;Bis zu 855 Euro mehr im Jahr: Steigende Sozialbeiträge zehren an Steuerentlastungen;16.09.2022;;https://www.handelsblatt.com/politik/deutschland/hohe-sozialabgaben-bis-zu-855-euro-mehr-im-jahr-steigende-sozialbeitraege-zehren-an-steuerentlastungen/28681756.html
1685289959-30;https://www.handelsblatt.com/suche/?p3616352=9&sw=B%C3%BCrgergeld&search-ressort=-1&search-doctype=article&search-authorids=-1&search-fromdate=01%2F09%2F22&search-todate=10%2F01%2F23&search-sort=date;Bis zu 1742 Euro für eine Familie mit zwei Kindern: So viel Bürgergeld zahlt der Staat künftig;14.09.2022;;https://www.handelsblatt.com/politik/deutschland/sozialstaat-bis-zu-1742-euro-fuer-eine-familie-mit-zwei-kindern-so-viel-buergergeld-zahlt-der-staat-kuenftig/28680970.html
1685289959-31;https://www.handelsblatt.com/suche/?p3616352=9&sw=B%C3%BCrgergeld&search-ressort=-1&search-doctype=article&search-authorids=-1&search-fromdate=01%2F09%2F22&search-todate=10%2F01%2F23&search-sort=date;Lindner für automatische Anpassung der Einkommensteuer an Inflation;14.09.2022;;https://www.handelsblatt.com/politik/deutschland/kalte-progression-lindner-fuer-automatische-anpassung-der-einkommensteuer-an-inflation/28680494.html
1685289959-32;https://www.handelsblatt.com/suche/?p3616352=9&sw=B%C3%BCrgergeld&search-ressort=-1&search-doctype=article&search-authorids=-1&search-fromdate=01%2F09%2F22&search-todate=10%2F01%2F23&search-sort=date;Kabinett beschließt Bürgergeld, Steuerreform und höhere Homeoffice-Pauschale;14.09.2022;;https://www.handelsblatt.com/politik/deutschland/ende-von-hartz-iv-bundeskabinett-beschliesst-buergergeld-und-steuerreform/28680204.html
1685289959-33;https://www.handelsblatt.com/suche/?p3616352=9&sw=B%C3%BCrgergeld&search-ressort=-1&search-doctype=article&search-authorids=-1&search-fromdate=01%2F09%2F22&search-todate=10%2F01%2F23&search-sort=date;Die große Luftblasenbrücke von Olaf Scholz: Die Ampel rettet alle – nur nicht den Mittelstand;13.09.2022;;https://www.handelsblatt.com/meinung/kommentare/kommentar-die-grosse-luftblasenbruecke-von-olaf-scholz-die-ampel-rettet-alle-nur-nicht-den-mittelstand/28677956.html
1685289965-53;https://www.handelsblatt.com/suche/?p3616352=8&sw=B%C3%BCrgergeld&search-ressort=-1&search-doctype=article&search-authorids=-1&search-fromdate=01%2F09%2F22&search-todate=10%2F01%2F23&search-sort=date;49 Euro: Das Deutschlandticket kommt;03.11.2022;;https://www.handelsblatt.com/meinung/morningbriefing/morning-briefing-49-euro-das-deutschlandticket-kommt-/28785226.html
1685289965-54;https://www.handelsblatt.com/suche/?p3616352=8&sw=B%C3%BCrgergeld&search-ressort=-1&search-doctype=article&search-authorids=-1&search-fromdate=01%2F09%2F22&search-todate=10%2F01%2F23&search-sort=date;Gaspreisbremse soll vorgezogen werden – Strompreis wird bei 40 Cent gedeckelt;02.11.2022;;https://www.handelsblatt.com/politik/deutschland/gaspreisbremse-massnahme-greift-frueher-als-geplant-auch-strompreisdeckel-steht-fest/28781234.html
1685289965-55;https://www.handelsblatt.com/suche/?p3616352=8&sw=B%C3%BCrgergeld&search-ressort=-1&search-doctype=article&search-authorids=-1&search-fromdate=01%2F09%2F22&search-todate=10%2F01%2F23&search-sort=date;Bund und Länder streiten über Flüchtlingskosten – „Deutschlandticket“ soll für zwei Jahre finanziert werden;01.11.2022;;https://www.handelsblatt.com/politik/deutschland/ministerpraesidentenkonferenz-bund-und-laender-streiten-ueber-fluechtlingskosten-deutschlandticket-soll-fuer-zwei-jahre-finanziert-werden/28781640.html
1685289965-56;https://www.handelsblatt.com/suche/?p3616352=8&sw=B%C3%BCrgergeld&search-ressort=-1&search-doctype=article&search-authorids=-1&search-fromdate=01%2F09%2F22&search-todate=10%2F01%2F23&search-sort=date;Bundesrat billigt Milliarden-Finanzspritze für Krankenkassen;28.10.2022;;https://www.handelsblatt.com/politik/deutschland/krankenversicherung-bundesrat-billigt-milliarden-finanzspritze-fuer-krankenkassen/28775798.html
1685289965-57;https://www.handelsblatt.com/suche/?p3616352=8&sw=B%C3%BCrgergeld&search-ressort=-1&search-doctype=article&search-authorids=-1&search-fromdate=01%2F09%2F22&search-todate=10%2F01%2F23&search-sort=date;Länder drängen auf Korrekturen am geplanten Bürgergeld;28.10.2022;;https://www.handelsblatt.com/politik/deutschland/sozialreform-laender-draengen-auf-korrekturen-am-geplanten-buergergeld/28774600.html
1685289965-58;https://www.handelsblatt.com/suche/?p3616352=8&sw=B%C3%BCrgergeld&search-ressort=-1&search-doctype=article&search-authorids=-1&search-fromdate=01%2F09%2F22&search-todate=10%2F01%2F23&search-sort=date;Ampelkoalition lässt Bundesrechnungshof nicht bei Bürgergeld-Anhörung auftreten;20.10.2022;;https://www.handelsblatt.com/politik/deutschland/sozialpolitik-ampelkoalition-laesst-bundesrechnungshof-nicht-bei-buergergeld-anhoerung-auftreten/28756480.html
1685289965-59;https://www.handelsblatt.com/suche/?p3616352=8&sw=B%C3%BCrgergeld&search-ressort=-1&search-doctype=article&search-authorids=-1&search-fromdate=01%2F09%2F22&search-todate=10%2F01%2F23&search-sort=date;Bundesrechnungshof: Bürgergeld ist kontraproduktiv und birgt Risiken für den Bundeshaushalt;14.10.2022;;https://www.handelsblatt.com/politik/deutschland/sozialstaat-bundesrechnungshof-ruegt-buergergeld-als-kontraproduktiv-und-risikoreich-fuer-den-bundeshaushalt/28747938.html
1685289965-60;https://www.handelsblatt.com/suche/?p3616352=8&sw=B%C3%BCrgergeld&search-ressort=-1&search-doctype=article&search-authorids=-1&search-fromdate=01%2F09%2F22&search-todate=10%2F01%2F23&search-sort=date;Arbeitsminister Heil: Bürgergeld wird größte Sozialreform seit 20 Jahren;13.10.2022;;https://www.handelsblatt.com/politik/deutschland/hartz-iv-reform-arbeitsminister-heil-buergergeld-wird-groesste-sozialreform-seit-20-jahren/28744032.html
1685289965-61;https://www.handelsblatt.com/suche/?p3616352=8&sw=B%C3%BCrgergeld&search-ressort=-1&search-doctype=article&search-authorids=-1&search-fromdate=01%2F09%2F22&search-todate=10%2F01%2F23&search-sort=date;Die Bundesregierung sendet falsche Signale – Wir müssen wieder mehr arbeiten;08.10.2022;;https://www.handelsblatt.com/meinung/homo-oeconomicus/gastkommentar-homo-oeconomicus-die-bundesregierung-sendet-falsche-signale-wir-muessen-wieder-mehr-arbeiten/28728360.html
1685289965-62;https://www.handelsblatt.com/suche/?p3616352=8&sw=B%C3%BCrgergeld&search-ressort=-1&search-doctype=article&search-authorids=-1&search-fromdate=01%2F09%2F22&search-todate=10%2F01%2F23&search-sort=date;Der Streit über das Bürgergeld zeigt: Gesellschaften sind keine Ökonomien;04.10.2022;;https://www.handelsblatt.com/meinung/homo-oeconomicus/gastkommentar-homo-oeconomicus-der-streit-ueber-das-buergergeld-zeigt-gesellschaften-sind-keine-oekonomien/28717564.html
1685289973-82;https://www.handelsblatt.com/suche/?p3616352=7&sw=B%C3%BCrgergeld&search-ressort=-1&search-doctype=article&search-authorids=-1&search-fromdate=01%2F09%2F22&search-todate=10%2F01%2F23&search-sort=date;Ampel und Länder streiten weiter über das Bürgergeld – Auch an der Wohngeldreform gibt es Kritik;07.11.2022;;https://www.handelsblatt.com/politik/deutschland/sozialreformen-ampel-und-laender-streiten-weiter-ueber-das-buergergeld-auch-an-der-wohngeldreform-gibt-es-kritik-/28793196.html
1685289973-83;https://www.handelsblatt.com/suche/?p3616352=7&sw=B%C3%BCrgergeld&search-ressort=-1&search-doctype=article&search-authorids=-1&search-fromdate=01%2F09%2F22&search-todate=10%2F01%2F23&search-sort=date;Bund plant 200 Milliarden Euro Entlastungen bis 2024 – Großteil für Energiepreisbremsen;07.11.2022;;https://www.handelsblatt.com/politik/deutschland/energiekrise-bund-plant-200-milliarden-euro-entlastungen-bis-2024-grossteil-fuer-energiepreisbremsen/28793926.html
1685289973-84;https://www.handelsblatt.com/suche/?p3616352=7&sw=B%C3%BCrgergeld&search-ressort=-1&search-doctype=article&search-authorids=-1&search-fromdate=01%2F09%2F22&search-todate=10%2F01%2F23&search-sort=date;SPD und FDP lehnen Merz-Vorschlag zu Bürgergeld ab;07.11.2022;;https://www.handelsblatt.com/politik/deutschland/sozialreform-spd-und-fdp-lehnen-merz-vorschlag-zu-buergergeld-ab/28793044.html
1685289973-85;https://www.handelsblatt.com/suche/?p3616352=7&sw=B%C3%BCrgergeld&search-ressort=-1&search-doctype=article&search-authorids=-1&search-fromdate=01%2F09%2F22&search-todate=10%2F01%2F23&search-sort=date;Bürgergeld: Gut gemeint, aber noch nicht gut gemacht;07.11.2022;;https://www.handelsblatt.com/meinung/kommentare/kommentar-buergergeld-gut-gemeint-aber-noch-nicht-gut-gemacht/28790314.html
1685289973-86;https://www.handelsblatt.com/suche/?p3616352=7&sw=B%C3%BCrgergeld&search-ressort=-1&search-doctype=article&search-authorids=-1&search-fromdate=01%2F09%2F22&search-todate=10%2F01%2F23&search-sort=date;Kabinett beschließt 71 Milliarden Etatentwurf ohne neue Schulden;06.11.2022;;https://www.handelsblatt.com/politik/deutschland/bayern-kabinett-beschliesst-71-milliarden-etatentwurf-ohne-neue-schulden-/28791658.html
1685289973-87;https://www.handelsblatt.com/suche/?p3616352=7&sw=B%C3%BCrgergeld&search-ressort=-1&search-doctype=article&search-authorids=-1&search-fromdate=01%2F09%2F22&search-todate=10%2F01%2F23&search-sort=date;CDU-Chef Merz lehnt weiter das Bürgergeld ab – Heil wirft Egoismus vor;06.11.2022;;https://www.handelsblatt.com/politik/deutschland/reform-cdu-chef-merz-lehnt-weiter-das-buergergeld-ab-heil-wirft-egoismus-vor/28791440.html
1685289973-88;https://www.handelsblatt.com/suche/?p3616352=7&sw=B%C3%BCrgergeld&search-ressort=-1&search-doctype=article&search-authorids=-1&search-fromdate=01%2F09%2F22&search-todate=10%2F01%2F23&search-sort=date;Tafeln verzeichnen Anstieg um 50 Prozent: Rund zwei Millionen Bedürftige;05.11.2022;;https://www.handelsblatt.com/politik/deutschland/inflation-tafeln-verzeichnen-anstieg-um-50-prozent-rund-zwei-millionen-beduerftige-/28790924.html
1685289973-89;https://www.handelsblatt.com/suche/?p3616352=7&sw=B%C3%BCrgergeld&search-ressort=-1&search-doctype=article&search-authorids=-1&search-fromdate=01%2F09%2F22&search-todate=10%2F01%2F23&search-sort=date;Wenn sich Arbeit nicht mehr lohnt – So könnte das geplante Bürgergeld wirken;05.11.2022;;https://www.handelsblatt.com/politik/deutschland/sozialstaat-reform-wenn-sich-arbeiten-nicht-mehr-lohnt-wie-das-buergergeld-das-lohnabstandsgebot-verletzt/28783048.html
1685289973-90;https://www.handelsblatt.com/suche/?p3616352=7&sw=B%C3%BCrgergeld&search-ressort=-1&search-doctype=article&search-authorids=-1&search-fromdate=01%2F09%2F22&search-todate=10%2F01%2F23&search-sort=date;Union kritisiert auch neue Ampel-Pläne zum Bürgergeld – Lindner verteidigt Vorhaben;05.11.2022;;https://www.handelsblatt.com/politik/deutschland/sozialpolitik-union-kritisiert-auch-neue-ampel-plaene-zum-buergergeld-lindner-verteidigt-vorhaben/28790768.html
1685289973-91;https://www.handelsblatt.com/suche/?p3616352=7&sw=B%C3%BCrgergeld&search-ressort=-1&search-doctype=article&search-authorids=-1&search-fromdate=01%2F09%2F22&search-todate=10%2F01%2F23&search-sort=date;Ampel einig über Änderungen am Bürgergeld  – Nur angemessene Heizkosten werden übernommen;04.11.2022;;https://www.handelsblatt.com/politik/deutschland/sozialreform-ampel-einig-ueber-aenderungen-am-buergergeld-nur-angemessene-heizkosten-werden-uebernommen/28789284.html
1685289979-111;https://www.handelsblatt.com/suche/?p3616352=6&sw=B%C3%BCrgergeld&search-ressort=-1&search-doctype=article&search-authorids=-1&search-fromdate=01%2F09%2F22&search-todate=10%2F01%2F23&search-sort=date;SPD und Thüringens Ministerpräsident Ramelow üben Kritik an Bürgergeld-Ablehnung der Union;13.11.2022;;https://www.handelsblatt.com/politik/deutschland/koalition-spd-und-thueringens-ministerpraesident-ramelow-ueben-kritik-an-buergergeld-ablehnung-der-union/28806214.html
1685289979-112;https://www.handelsblatt.com/suche/?p3616352=6&sw=B%C3%BCrgergeld&search-ressort=-1&search-doctype=article&search-authorids=-1&search-fromdate=01%2F09%2F22&search-todate=10%2F01%2F23&search-sort=date;Bundesagentur für Arbeit kann mit Wiederaufbau der Rücklage beginnen;11.11.2022;;https://www.handelsblatt.com/politik/deutschland/arbeitsmarkt-bundesagentur-fuer-arbeit-kann-mit-wiederaufbau-der-ruecklage-beginnen/28804270.html
1685289979-113;https://www.handelsblatt.com/suche/?p3616352=6&sw=B%C3%BCrgergeld&search-ressort=-1&search-doctype=article&search-authorids=-1&search-fromdate=01%2F09%2F22&search-todate=10%2F01%2F23&search-sort=date;Der Anwalt der Abgehängten kämpft um seine Sozialstaatsreform;10.11.2022;;https://www.handelsblatt.com/politik/deutschland/hubertus-heil-der-anwalt-der-abgehaengten-kaempft-um-seine-sozialstaatsreform/28802334.html
1685289979-114;https://www.handelsblatt.com/suche/?p3616352=6&sw=B%C3%BCrgergeld&search-ressort=-1&search-doctype=article&search-authorids=-1&search-fromdate=01%2F09%2F22&search-todate=10%2F01%2F23&search-sort=date;Lohnt sich Arbeit noch? Die wichtigsten Fakten zum Bürgergeld;10.11.2022;;https://www.handelsblatt.com/audio/today/handelsblatt-today-lohnt-sich-arbeit-noch-die-wichtigsten-fakten-zum-buergergeld/28800840.html
1685289979-115;https://www.handelsblatt.com/suche/?p3616352=6&sw=B%C3%BCrgergeld&search-ressort=-1&search-doctype=article&search-authorids=-1&search-fromdate=01%2F09%2F22&search-todate=10%2F01%2F23&search-sort=date;Bundestag beschließt Wohngeld-Reform – durchschnittlich 190 Euro mehr;10.11.2022;;https://www.handelsblatt.com/politik/deutschland/entlastung-bundestag-beschliesst-wohngeld-reform-durchschnittlich-190-euro-mehr/28802330.html
1685289979-116;https://www.handelsblatt.com/suche/?p3616352=6&sw=B%C3%BCrgergeld&search-ressort=-1&search-doctype=article&search-authorids=-1&search-fromdate=01%2F09%2F22&search-todate=10%2F01%2F23&search-sort=date;Wie sinnvoll ist das Bürgergeld?;10.11.2022;;https://www.handelsblatt.com/meinung/kommentare/leserdebatte-wie-sinnvoll-ist-das-buergergeld/28800536.html
1685289979-117;https://www.handelsblatt.com/suche/?p3616352=6&sw=B%C3%BCrgergeld&search-ressort=-1&search-doctype=article&search-authorids=-1&search-fromdate=01%2F09%2F22&search-todate=10%2F01%2F23&search-sort=date;Bundestag beschließt Bürgergeld – Heil wirbt um Zustimmung der Länder;10.11.2022;;https://www.handelsblatt.com/politik/deutschland/sozialreform-bundestag-beschliesst-buergergeld-heil-wirbt-um-zustimmung-der-laender/28800936.html
1685289979-118;https://www.handelsblatt.com/suche/?p3616352=6&sw=B%C3%BCrgergeld&search-ressort=-1&search-doctype=article&search-authorids=-1&search-fromdate=01%2F09%2F22&search-todate=10%2F01%2F23&search-sort=date;Arbeit soll sich lohnen – CDU und FDP präsentieren Vorschläge für den Niedriglohnsektor;08.11.2022;;https://www.handelsblatt.com/politik/deutschland/buergergeld-debatte-arbeit-soll-sich-lohnen-cdu-und-fdp-praesentieren-vorschlaege-fuer-den-niedriglohnsektor/28795812.html
1685289979-119;https://www.handelsblatt.com/suche/?p3616352=6&sw=B%C3%BCrgergeld&search-ressort=-1&search-doctype=article&search-authorids=-1&search-fromdate=01%2F09%2F22&search-todate=10%2F01%2F23&search-sort=date;Bund macht doppelt so viele Schulden wie geplant – Lindner will Schuldenbremse trotzdem einhalten;08.11.2022;;https://www.handelsblatt.com/politik/deutschland/bundeshaushalt-2023-bund-macht-doppelt-so-viele-schulden-wie-geplant-lindner-will-schuldenbremse-trotzdem-einhalten/28795782.html
1685289979-120;https://www.handelsblatt.com/suche/?p3616352=6&sw=B%C3%BCrgergeld&search-ressort=-1&search-doctype=article&search-authorids=-1&search-fromdate=01%2F09%2F22&search-todate=10%2F01%2F23&search-sort=date;Wie die US-Wahlen ausgehen werden – vier Szenarien;08.11.2022;;https://www.handelsblatt.com/meinung/morningbriefing/morning-briefing-wie-die-us-wahlen-ausgehen-werden-vier-szenarien/28794196.html
1685289987-140;https://www.handelsblatt.com/suche/?p3616352=5&sw=B%C3%BCrgergeld&search-ressort=-1&search-doctype=article&search-authorids=-1&search-fromdate=01%2F09%2F22&search-todate=10%2F01%2F23&search-sort=date;Muss der Kryptomarkt reguliert werden?;17.11.2022;;https://www.handelsblatt.com/meinung/kommentare/leserdebatte-muss-der-kryptomarkt-reguliert-werden/28816912.html
1685289987-141;https://www.handelsblatt.com/suche/?p3616352=5&sw=B%C3%BCrgergeld&search-ressort=-1&search-doctype=article&search-authorids=-1&search-fromdate=01%2F09%2F22&search-todate=10%2F01%2F23&search-sort=date;„Zahlen der Wahlfehler hochgejubelt“: Die umstrittene Entscheidung der Berliner Verfassungsrichter;17.11.2022;;https://www.handelsblatt.com/politik/deutschland/wahlwiederholung-in-berlin-zahlen-der-wahlfehler-hochgejubelt-die-umstrittene-entscheidung-der-berliner-verfassungsrichter/28815682.html
1685289987-142;https://www.handelsblatt.com/suche/?p3616352=5&sw=B%C3%BCrgergeld&search-ressort=-1&search-doctype=article&search-authorids=-1&search-fromdate=01%2F09%2F22&search-todate=10%2F01%2F23&search-sort=date;Reform mit Nebenwirkungen – Warum durch das Bürgergeld auch Beamte mehr Gehalt bekommen könnten;17.11.2022;;https://www.handelsblatt.com/politik/deutschland/buergergeld-warum-die-reform-zu-hoeheren-gehaeltern-fuer-beamte-fuehren-koennte/28808322.html
1685289987-143;https://www.handelsblatt.com/suche/?p3616352=5&sw=B%C3%BCrgergeld&search-ressort=-1&search-doctype=article&search-authorids=-1&search-fromdate=01%2F09%2F22&search-todate=10%2F01%2F23&search-sort=date;FDP-Generalsekretär fordert Kompromissbereitschaft beim Bürgergeld;16.11.2022;;https://www.handelsblatt.com/politik/deutschland/reform-fdp-generalsekretaer-fordert-kompromissbereitschaft-beim-buergergeld/28812376.html
1685289987-144;https://www.handelsblatt.com/suche/?p3616352=5&sw=B%C3%BCrgergeld&search-ressort=-1&search-doctype=article&search-authorids=-1&search-fromdate=01%2F09%2F22&search-todate=10%2F01%2F23&search-sort=date;FDP beim Bürgergeld auf Kompromisskurs – Rote Linien aus Bayern;15.11.2022;;https://www.handelsblatt.com/politik/deutschland/reform-fdp-beim-buergergeld-auf-kompromisskurs-rote-linien-aus-bayern/28811344.html
1685289987-145;https://www.handelsblatt.com/suche/?p3616352=5&sw=B%C3%BCrgergeld&search-ressort=-1&search-doctype=article&search-authorids=-1&search-fromdate=01%2F09%2F22&search-todate=10%2F01%2F23&search-sort=date;Streit über Schonvermögen, Sanktionen und Karenzzeiten – Vorhaben dürfen nicht an Kleinlichkeiten scheitern;14.11.2022;;https://www.handelsblatt.com/meinung/kommentare/kommentar-streit-ueber-schonvermoegen-sanktionen-und-karenzzeiten-vorhaben-duerfen-nicht-an-kleinlichkeiten-scheitern/28808724.html
1685289987-146;https://www.handelsblatt.com/suche/?p3616352=5&sw=B%C3%BCrgergeld&search-ressort=-1&search-doctype=article&search-authorids=-1&search-fromdate=01%2F09%2F22&search-todate=10%2F01%2F23&search-sort=date;Das sind die größten Fallstricke bei der Baufinanzierung;14.11.2022;;https://www.handelsblatt.com/audio/today/handelsblatt-today-das-sind-die-groessten-fallstricke-bei-der-baufinanzierung/28807690.html
1685289987-147;https://www.handelsblatt.com/suche/?p3616352=5&sw=B%C3%BCrgergeld&search-ressort=-1&search-doctype=article&search-authorids=-1&search-fromdate=01%2F09%2F22&search-todate=10%2F01%2F23&search-sort=date;Bundesrat blockiert Bürgergeld – Unionsgeführte Länder stimmen nicht zu;14.11.2022;;https://www.handelsblatt.com/politik/deutschland/sozialpolitik-bundesrat-blockiert-buergergeld-unionsgefuehrte-laender-stimmen-nicht-zu/28807192.html
1685289987-148;https://www.handelsblatt.com/suche/?p3616352=5&sw=B%C3%BCrgergeld&search-ressort=-1&search-doctype=article&search-authorids=-1&search-fromdate=01%2F09%2F22&search-todate=10%2F01%2F23&search-sort=date;„Lex China“: Bund will weniger Investitionsgarantien für China;14.11.2022;;https://www.handelsblatt.com/meinung/morningbriefing/morning-briefing-lex-china-bund-will-weniger-investitionsgarantien-fuer-china-/28806940.html
1685289987-149;https://www.handelsblatt.com/suche/?p3616352=5&sw=B%C3%BCrgergeld&search-ressort=-1&search-doctype=article&search-authorids=-1&search-fromdate=01%2F09%2F22&search-todate=10%2F01%2F23&search-sort=date;Bundesrat stimmt Bürgergeld nicht zu – Woran es hakt und wie es weitergeht;14.11.2022;;https://www.handelsblatt.com/politik/deutschland/sozialstaatsreform-bundesrat-stimmt-buergergeld-nicht-zu-woran-es-hakt-und-wie-es-weitergeht/28804244.html
1685289993-169;https://www.handelsblatt.com/suche/?p3616352=4&sw=B%C3%BCrgergeld&search-ressort=-1&search-doctype=article&search-authorids=-1&search-fromdate=01%2F09%2F22&search-todate=10%2F01%2F23&search-sort=date;Höchste Inflationsrate seit 1984: Die Teuerung trifft Italien besonders hart – vor allem eine Region leidet;23.11.2022;;https://www.handelsblatt.com/politik/international/inflation-hoechste-inflationsrate-seit-1984-die-teuerung-trifft-italien-besonders-hart-vor-allem-eine-region-leidet/28826942.html
1685289993-170;https://www.handelsblatt.com/suche/?p3616352=4&sw=B%C3%BCrgergeld&search-ressort=-1&search-doctype=article&search-authorids=-1&search-fromdate=01%2F09%2F22&search-todate=10%2F01%2F23&search-sort=date;Giorgia Meloni schafft das Bürgergeld ab – und streicht milliardenschwere Wahlversprechen;23.11.2022;;https://www.handelsblatt.com/politik/international/italien-regierung-beschliesst-haushalt-giorgia-meloni-schafft-buergergeld-ab/28824386.html
1685289993-171;https://www.handelsblatt.com/suche/?p3616352=4&sw=B%C3%BCrgergeld&search-ressort=-1&search-doctype=article&search-authorids=-1&search-fromdate=01%2F09%2F22&search-todate=10%2F01%2F23&search-sort=date;Weg für Reform in Deutschland ist frei – Kompromisse in Streitfragen;23.11.2022;;https://www.handelsblatt.com/politik/deutschland/buergergeld-weg-fuer-reform-in-deutschland-ist-frei-kompromisse-in-streitfragen/28824150.html
1685289993-172;https://www.handelsblatt.com/suche/?p3616352=4&sw=B%C3%BCrgergeld&search-ressort=-1&search-doctype=article&search-authorids=-1&search-fromdate=01%2F09%2F22&search-todate=10%2F01%2F23&search-sort=date;Marktwirtschaft: Container-Frachtraten fallen;23.11.2022;;https://www.handelsblatt.com/meinung/morningbriefing/morning-briefing-marktwirtschaft-container-frachtraten-fallen-/28825742.html
1685289993-173;https://www.handelsblatt.com/suche/?p3616352=4&sw=B%C3%BCrgergeld&search-ressort=-1&search-doctype=article&search-authorids=-1&search-fromdate=01%2F09%2F22&search-todate=10%2F01%2F23&search-sort=date;Kritik an überstürzter Reform – Jobcenter müssen wohl Folgen des neuen Wohngeldes tragen;21.11.2022;;https://www.handelsblatt.com/politik/deutschland/arbeitsverwaltung-kritik-an-ueberstuerzter-reform-jobcenter-muessen-wohl-folgen-des-neuen-wohngeldes-tragen/28822976.html
1685289993-174;https://www.handelsblatt.com/suche/?p3616352=4&sw=B%C3%BCrgergeld&search-ressort=-1&search-doctype=article&search-authorids=-1&search-fromdate=01%2F09%2F22&search-todate=10%2F01%2F23&search-sort=date;Kompromisskurs bei Bürgergeld – FDP fordert Zugeständnisse von Koalitionspartnern;21.11.2022;;https://www.handelsblatt.com/politik/deutschland/sozialstaatsreform-kompromisskurs-bei-buergergeld-fdp-fordert-zugestaendnisse-von-koalitionspartnern/28823168.html
1685289993-175;https://www.handelsblatt.com/suche/?p3616352=4&sw=B%C3%BCrgergeld&search-ressort=-1&search-doctype=article&search-authorids=-1&search-fromdate=01%2F09%2F22&search-todate=10%2F01%2F23&search-sort=date;Union erhöht Druck beim Bürgergeld – höhere Leistungen ohne Reform?;20.11.2022;;https://www.handelsblatt.com/politik/deutschland/buergergeld-union-erhoeht-druck-beim-buergergeld-hoehere-leistungen-ohne-reform/28821378.html
1685289993-176;https://www.handelsblatt.com/suche/?p3616352=4&sw=B%C3%BCrgergeld&search-ressort=-1&search-doctype=article&search-authorids=-1&search-fromdate=01%2F09%2F22&search-todate=10%2F01%2F23&search-sort=date;Scholz attackiert Merz wegen Bürgergeldblockade und nennt Union „hochnäsig“;19.11.2022;;https://www.handelsblatt.com/politik/deutschland/sozialpolitik-scholz-attackiert-merz-wegen-buergergeldblockade-und-nennt-union-hochnaesig/28820600.html
1685289993-177;https://www.handelsblatt.com/suche/?p3616352=4&sw=B%C3%BCrgergeld&search-ressort=-1&search-doctype=article&search-authorids=-1&search-fromdate=01%2F09%2F22&search-todate=10%2F01%2F23&search-sort=date;Ökonomen zu hohen Tarifabschlüssen: Sind weit weg von Lohn-Preis-Spirale;18.11.2022;;https://www.handelsblatt.com/politik/deutschland/tarifpolitik-oekonomen-zu-hohen-tarifabschluessen-sind-weit-weg-von-lohn-preis-spirale/28819832.html
1685289993-178;https://www.handelsblatt.com/suche/?p3616352=4&sw=B%C3%BCrgergeld&search-ressort=-1&search-doctype=article&search-authorids=-1&search-fromdate=01%2F09%2F22&search-todate=10%2F01%2F23&search-sort=date;Beamtenbund-Chef zur 15-Prozent-Tarifforderung: „Die Lebenshaltungskosten sind dramatisch gestiegen“;18.11.2022;;https://www.handelsblatt.com/politik/deutschland/interview-beamtenbund-chef-zur-15-prozent-tarifforderung-die-lebenshaltungskosten-sind-dramatisch-gestiegen/28816806.html
1685290003-198;https://www.handelsblatt.com/suche/?p3616352=3&sw=B%C3%BCrgergeld&search-ressort=-1&search-doctype=article&search-authorids=-1&search-fromdate=01%2F09%2F22&search-todate=10%2F01%2F23&search-sort=date;Die rot-grüne Republik – So bringen die Regierungsparteien eigene Leute in Spitzenjobs;29.11.2022;;https://www.handelsblatt.com/politik/deutschland/staatliche-schluesselpositionen-die-rot-gruene-republik-so-bringen-die-regierungsparteien-eigene-leute-in-spitzenjobs/28827350.html
1685290003-199;https://www.handelsblatt.com/suche/?p3616352=3&sw=B%C3%BCrgergeld&search-ressort=-1&search-doctype=article&search-authorids=-1&search-fromdate=01%2F09%2F22&search-todate=10%2F01%2F23&search-sort=date;360.000 offene Stellen – Beamtenbund beklagt „Kannibalismus“ unter den Ländern und fordert bessere Bezahlung;29.11.2022;;https://www.handelsblatt.com/politik/deutschland/oeffentlicher-dienst-360-000-offene-stellen-beamtenbund-beklagt-kannibalismus-unter-den-laendern-und-fordert-bessere-bezahlung/28837622.html
1685290003-200;https://www.handelsblatt.com/suche/?p3616352=3&sw=B%C3%BCrgergeld&search-ressort=-1&search-doctype=article&search-authorids=-1&search-fromdate=01%2F09%2F22&search-todate=10%2F01%2F23&search-sort=date;Bürgergeld-Kompromiss: In Wahrheit geht es in dem Gesetz um zwei Urängste der Mittelschicht;28.11.2022;;https://www.handelsblatt.com/meinung/kommentare/kommentar-im-buergergeld-gesetz-geht-es-um-zwei-uraengste-der-mittelschicht-/28827566.html
1685290003-201;https://www.handelsblatt.com/suche/?p3616352=3&sw=B%C3%BCrgergeld&search-ressort=-1&search-doctype=article&search-authorids=-1&search-fromdate=01%2F09%2F22&search-todate=10%2F01%2F23&search-sort=date;Monatelange Verzögerungen bei Wohngeld-Auszahlung erwartet;26.11.2022;;https://www.handelsblatt.com/politik/deutschland/entlastung-monatelange-verzoegerungen-bei-wohngeld-auszahlung-erwartet/28833554.html
1685290003-202;https://www.handelsblatt.com/suche/?p3616352=3&sw=B%C3%BCrgergeld&search-ressort=-1&search-doctype=article&search-authorids=-1&search-fromdate=01%2F09%2F22&search-todate=10%2F01%2F23&search-sort=date;Bundestag und Bundesrat beschließen neues Bürgergeld;25.11.2022;;https://www.handelsblatt.com/politik/deutschland/reform-bundestag-und-bundesrat-beschliessen-neues-buergergeld/28831872.html
1685290003-203;https://www.handelsblatt.com/suche/?p3616352=3&sw=B%C3%BCrgergeld&search-ressort=-1&search-doctype=article&search-authorids=-1&search-fromdate=01%2F09%2F22&search-todate=10%2F01%2F23&search-sort=date;Die schleichende Steuererhöhung einfach erklärt;25.11.2022;;https://www.handelsblatt.com/finanzen/steuern-recht/steuern/kalte-progression-die-schleichende-steuererhoehung-einfach-erklaert/28608682.html
1685290003-204;https://www.handelsblatt.com/suche/?p3616352=3&sw=B%C3%BCrgergeld&search-ressort=-1&search-doctype=article&search-authorids=-1&search-fromdate=01%2F09%2F22&search-todate=10%2F01%2F23&search-sort=date;Paartherapie: Paris und Berlin arbeiten an einem besseren Verhältnis;24.11.2022;;https://www.handelsblatt.com/meinung/morningbriefing/morning-briefing-paartherapie-paris-und-berlin-arbeiten-an-einem-besseren-verhaeltnis-/28828706.html
1685290003-205;https://www.handelsblatt.com/suche/?p3616352=3&sw=B%C3%BCrgergeld&search-ressort=-1&search-doctype=article&search-authorids=-1&search-fromdate=01%2F09%2F22&search-todate=10%2F01%2F23&search-sort=date;Vermittlungsausschuss einigt sich auf Bürgergeld – Schnelle Verabschiedung erwartet;23.11.2022;;https://www.handelsblatt.com/politik/deutschland/sozialstaatsreform-vermittlungsausschuss-einigt-sich-auf-buergergeld-schnelle-verabschiedung-erwartet/28826128.html
1685290003-206;https://www.handelsblatt.com/suche/?p3616352=3&sw=B%C3%BCrgergeld&search-ressort=-1&search-doctype=article&search-authorids=-1&search-fromdate=01%2F09%2F22&search-todate=10%2F01%2F23&search-sort=date;Debatte um das Bürgergeld – Wie sich Arbeit noch mehr lohnen würde;23.11.2022;;https://www.handelsblatt.com/politik/deutschland/hartz-iv-nachfolge-debatte-um-das-buergergeld-wie-sich-arbeit-noch-mehr-lohnen-wuerde/28827390.html
1685290003-207;https://www.handelsblatt.com/suche/?p3616352=3&sw=B%C3%BCrgergeld&search-ressort=-1&search-doctype=article&search-authorids=-1&search-fromdate=01%2F09%2F22&search-todate=10%2F01%2F23&search-sort=date;Neue Hoffnung für Anleger nach dem Krisenjahr an der Börse – „2023 wird das Jahr der Rendite“;23.11.2022;;https://www.handelsblatt.com/audio/today/handelsblatt-today-neue-hoffnung-fuer-anleger-nach-dem-krisenjahr-an-der-boerse-2023-wird-das-jahr-der-rendite/28826790.html
1685290008-227;https://www.handelsblatt.com/suche/?p3616352=2&sw=B%C3%BCrgergeld&search-ressort=-1&search-doctype=article&search-authorids=-1&search-fromdate=01%2F09%2F22&search-todate=10%2F01%2F23&search-sort=date;Bürgergeld macht Grundfreibetrag verfassungswidrig;23.12.2022;;https://www.handelsblatt.com/finanzen/steuern-recht/steuern/votum-buergergeld-macht-grundfreibetrag-verfassungswidrig/28884478.html
1685290008-228;https://www.handelsblatt.com/suche/?p3616352=2&sw=B%C3%BCrgergeld&search-ressort=-1&search-doctype=article&search-authorids=-1&search-fromdate=01%2F09%2F22&search-todate=10%2F01%2F23&search-sort=date;Schufa-Chefin - Viele Menschen haben nur noch begrenzt Rücklagen;22.12.2022;;https://www.handelsblatt.com/finanzen/vorsorge/altersvorsorge-sparen/inflation-schufa-chefin-viele-menschen-haben-nur-noch-begrenzt-ruecklagen/28884200.html
1685290008-229;https://www.handelsblatt.com/suche/?p3616352=2&sw=B%C3%BCrgergeld&search-ressort=-1&search-doctype=article&search-authorids=-1&search-fromdate=01%2F09%2F22&search-todate=10%2F01%2F23&search-sort=date;Fragen und Antworten zum Hartz-IV-Nachfolger;19.12.2022;;https://www.handelsblatt.com/politik/deutschland/buergergeld-fragen-und-antworten-zum-hartz-iv-nachfolger/28588788.html
1685290008-230;https://www.handelsblatt.com/suche/?p3616352=2&sw=B%C3%BCrgergeld&search-ressort=-1&search-doctype=article&search-authorids=-1&search-fromdate=01%2F09%2F22&search-todate=10%2F01%2F23&search-sort=date;Danach hat Deutschland 2022 gesucht;12.12.2022;;https://www.handelsblatt.com/technik/it-internet/jahresrueckblick-danach-hat-deutschland-2022-gesucht-/25331814.html
1685290008-231;https://www.handelsblatt.com/suche/?p3616352=2&sw=B%C3%BCrgergeld&search-ressort=-1&search-doctype=article&search-authorids=-1&search-fromdate=01%2F09%2F22&search-todate=10%2F01%2F23&search-sort=date;Raubtierkapitalismus oder rheinischer Kapitalismus – was wird aus dem Fußball?;08.12.2022;;https://www.handelsblatt.com/meinung/kommentare/kommentar-raubtierkapitalismus-oder-rheinischer-kapitalismus-was-wird-aus-dem-fussball/28856154.html
1685290008-232;https://www.handelsblatt.com/suche/?p3616352=2&sw=B%C3%BCrgergeld&search-ressort=-1&search-doctype=article&search-authorids=-1&search-fromdate=01%2F09%2F22&search-todate=10%2F01%2F23&search-sort=date;Resignation statt Euphorie – Die Ampel brachte Fortschritt, aber anders als geplant;07.12.2022;;https://www.handelsblatt.com/politik/deutschland/bilanz-nach-einem-jahr-resignation-statt-euphorie-die-ampel-brachte-fortschritt-aber-anders-als-geplant/28850890.html
1685290008-233;https://www.handelsblatt.com/suche/?p3616352=2&sw=B%C3%BCrgergeld&search-ressort=-1&search-doctype=article&search-authorids=-1&search-fromdate=01%2F09%2F22&search-todate=10%2F01%2F23&search-sort=date;Ein Jahr Ampel-Koalition – Das ist die Bilanz der wichtigsten Minister;07.12.2022;;https://www.handelsblatt.com/politik/deutschland/analyse-ein-jahr-ampel-koalition-das-ist-die-bilanz-der-wichtigsten-minister/28850912.html
1685290008-234;https://www.handelsblatt.com/suche/?p3616352=2&sw=B%C3%BCrgergeld&search-ressort=-1&search-doctype=article&search-authorids=-1&search-fromdate=01%2F09%2F22&search-todate=10%2F01%2F23&search-sort=date;Besser regieren ohne Behörden;03.12.2022;;https://www.handelsblatt.com/meinung/gastbeitraege/pruefers-kolumne-besser-regieren-ohne-behoerden/28842890.html
1685290008-235;https://www.handelsblatt.com/suche/?p3616352=2&sw=B%C3%BCrgergeld&search-ressort=-1&search-doctype=article&search-authorids=-1&search-fromdate=01%2F09%2F22&search-todate=10%2F01%2F23&search-sort=date;Zwischen Abschiebung und „Turbo-Einbürgerung“ – Das plant die Bundesregierung beim Thema Migration;01.12.2022;;https://www.handelsblatt.com/politik/deutschland/einwanderung-von-abschiebung-bis-turbo-einbuergerung-das-sind-die-reformplaene-der-ampel/28841066.html
1685290008-236;https://www.handelsblatt.com/suche/?p3616352=2&sw=B%C3%BCrgergeld&search-ressort=-1&search-doctype=article&search-authorids=-1&search-fromdate=01%2F09%2F22&search-todate=10%2F01%2F23&search-sort=date;0,5 Prozent Wachstum – Italiens Wirtschaft nimmt im zweiten Quartal langsamer zu;30.11.2022;;https://www.handelsblatt.com/politik/konjunktur/nachrichten/konjunktur-0-5-prozent-wachstum-italiens-wirtschaft-nimmt-im-zweiten-quartal-langsamer-zu/28839722.html
1685290013-256;https://www.handelsblatt.com/suche/?p3616352=1&sw=B%C3%BCrgergeld&search-ressort=-1&search-doctype=article&search-authorids=-1&search-fromdate=01%2F09%2F22&search-todate=10%2F01%2F23&search-sort=date;Wünsche der Betreuten stehen im Mittelpunkt;09.01.2023;;https://www.handelsblatt.com/finanzen/steuern-recht/steuern/neues-betreuungsrecht-wuensche-der-betreuten-stehen-im-mittelpunkt/28907734.html
1685290013-257;https://www.handelsblatt.com/suche/?p3616352=1&sw=B%C3%BCrgergeld&search-ressort=-1&search-doctype=article&search-authorids=-1&search-fromdate=01%2F09%2F22&search-todate=10%2F01%2F23&search-sort=date;Heil: Auszahlungen des Bürgergelds laufen „reibungslos“;07.01.2023;;https://www.handelsblatt.com/politik/deutschland/sozialreform-heil-auszahlungen-des-buergergelds-laufen-reibungslos-/28910058.html
1685290013-258;https://www.handelsblatt.com/suche/?p3616352=1&sw=B%C3%BCrgergeld&search-ressort=-1&search-doctype=article&search-authorids=-1&search-fromdate=01%2F09%2F22&search-todate=10%2F01%2F23&search-sort=date;Verbraucher werden wieder zuversichtlicher – Staatliche Hilfen stabilisieren Einkommen und Konsum;06.01.2023;;https://www.handelsblatt.com/politik/konjunktur/nachrichten/hde-konsumbarometer-verbraucher-werden-wieder-zuversichtlicher-staatliche-hilfen-stabilisieren-einkommen-und-konsum/28908692.html
1685290013-259;https://www.handelsblatt.com/suche/?p3616352=1&sw=B%C3%BCrgergeld&search-ressort=-1&search-doctype=article&search-authorids=-1&search-fromdate=01%2F09%2F22&search-todate=10%2F01%2F23&search-sort=date;„Festkleben war gestern, anpacken ist jetzt das Gebot“– Lindner will 2023 Zäsur in Wirtschaftspolitik;06.01.2023;;https://www.handelsblatt.com/politik/deutschland/fdp-festkleben-war-gestern-anpacken-ist-jetzt-das-gebot-lindner-will-2023-zaesur-in-wirtschaftspolitik/28909202.html
1685290013-260;https://www.handelsblatt.com/suche/?p3616352=1&sw=B%C3%BCrgergeld&search-ressort=-1&search-doctype=article&search-authorids=-1&search-fromdate=01%2F09%2F22&search-todate=10%2F01%2F23&search-sort=date;Musik und Malerei statt Büro: Grundeinkommen für Irlands Künstler;01.01.2023;;https://www.handelsblatt.com/politik/international/pilotprojekt-musik-und-malerei-statt-buero-grundeinkommen-fuer-irlands-kuenstler/28899238.html
1685290013-261;https://www.handelsblatt.com/suche/?p3616352=1&sw=B%C3%BCrgergeld&search-ressort=-1&search-doctype=article&search-authorids=-1&search-fromdate=01%2F09%2F22&search-todate=10%2F01%2F23&search-sort=date;Jung, pragmatisch, konservativ: Wie Boris Rhein und seine Kollegen die CDU verändern;31.12.2022;;https://www.handelsblatt.com/politik/deutschland/die-neue-generation-der-cdu-ministerpraesidenten-jung-pragmatisch-konservativ-wie-boris-rhein-und-seine-kollegen-die-cdu-veraendern/28894122.html
1685290013-262;https://www.handelsblatt.com/suche/?p3616352=1&sw=B%C3%BCrgergeld&search-ressort=-1&search-doctype=article&search-authorids=-1&search-fromdate=01%2F09%2F22&search-todate=10%2F01%2F23&search-sort=date;Krankenkasse, Pflege, Rente: So teuer könnte die Sozialversicherung für Beitragszahler bis 2030 werden;29.12.2022;;https://www.handelsblatt.com/politik/deutschland/studie-zur-krankenversicherung-so-teuer-koennte-die-sozialversicherung-bis-2030-werden/28882282.html
1685290013-263;https://www.handelsblatt.com/suche/?p3616352=1&sw=B%C3%BCrgergeld&search-ressort=-1&search-doctype=article&search-authorids=-1&search-fromdate=01%2F09%2F22&search-todate=10%2F01%2F23&search-sort=date;Die neue Macht – Länder nutzen Bundesrat wieder verstärkt, um Interessen im Bund durchzusetzen;29.12.2022;;https://www.handelsblatt.com/politik/deutschland/foederalismus-die-neue-macht-laender-nutzen-bundesrat-wieder-verstaerkt-um-interessen-im-bund-durchzusetzen/28892192.html
1685290013-264;https://www.handelsblatt.com/suche/?p3616352=1&sw=B%C3%BCrgergeld&search-ressort=-1&search-doctype=article&search-authorids=-1&search-fromdate=01%2F09%2F22&search-todate=10%2F01%2F23&search-sort=date;Robert Habeck – der Krisenpragmatiker;27.12.2022;;https://www.handelsblatt.com/politik/deutschland/politiker-des-jahres-robert-habeck-der-krisenmanager/28872224.html
1685290013-265;https://www.handelsblatt.com/suche/?p3616352=1&sw=B%C3%BCrgergeld&search-ressort=-1&search-doctype=article&search-authorids=-1&search-fromdate=01%2F09%2F22&search-todate=10%2F01%2F23&search-sort=date;Mehr Geld für Eltern und höhere Sozialabgaben – Das ändert sich zum 1. Januar 2023;26.12.2022;;https://www.handelsblatt.com/politik/deutschland/jahreswechsel-mehr-geld-fuer-eltern-und-hoehere-sozialabgaben-das-aendert-sich-zum-1-januar-2023/28890332.html