web-scraper-order;web-scraper-start-url;Title;Date;URL;URL-href;
1685234114-1;https://www.sueddeutsche.de/news/page/5?search=B%C3%BCrgergeld&sort=date&all%5B%5D=dep&typ%5B%5D=article&sys%5B%5D=sz&catsz%5B%5D=alles&time=2013-01-01T00%3A00%2F2013-06-19T23%3A59&startDate=01.08.2022&endDate=31.01.2023;Koalitionsausschuss berät am Samstag über Entlastungspaket;02.09.2022;;https://www.sueddeutsche.de/politik/entlastungspaket-energiepreise-koalition-milliarden-1.5649946;
1685234114-2;https://www.sueddeutsche.de/news/page/5?search=B%C3%BCrgergeld&sort=date&all%5B%5D=dep&typ%5B%5D=article&sys%5B%5D=sz&catsz%5B%5D=alles&time=2013-01-01T00%3A00%2F2013-06-19T23%3A59&startDate=01.08.2022&endDate=31.01.2023;Wenn sich Energiesparen nicht lohnt;02.09.2022;;https://www.sueddeutsche.de/muenchen/hilfe-zum-lebensunterhalt-hartz-iv-sozialhilfe-energiekosten-muenchen-1.5649332;
1685234114-3;https://www.sueddeutsche.de/news/page/5?search=B%C3%BCrgergeld&sort=date&all%5B%5D=dep&typ%5B%5D=article&sys%5B%5D=sz&catsz%5B%5D=alles&time=2013-01-01T00%3A00%2F2013-06-19T23%3A59&startDate=01.08.2022&endDate=31.01.2023;Sozialstaat auf Sparflamme;02.09.2022;;https://www.sueddeutsche.de/muenchen/muenchen-hartz-iv-buergergeld-sozialhilfe-energiekrise-1.5649443;
1685234114-4;https://www.sueddeutsche.de/news/page/5?search=B%C3%BCrgergeld&sort=date&all%5B%5D=dep&typ%5B%5D=article&sys%5B%5D=sz&catsz%5B%5D=alles&time=2013-01-01T00%3A00%2F2013-06-19T23%3A59&startDate=01.08.2022&endDate=31.01.2023;Die Regierung ist gleichzeitig tot und lebendig;31.08.2022;;https://www.sueddeutsche.de/meinung/bundesregierung-schloss-meseberg-bundeskanzler-olaf-scholz-robert-habeck-christian-lindner-gasumlage-ukraine-energiekrise-1.5648742;
1685234114-5;https://www.sueddeutsche.de/news/page/5?search=B%C3%BCrgergeld&sort=date&all%5B%5D=dep&typ%5B%5D=article&sys%5B%5D=sz&catsz%5B%5D=alles&time=2013-01-01T00%3A00%2F2013-06-19T23%3A59&startDate=01.08.2022&endDate=31.01.2023;Lindner kündigt "wuchtiges Entlastungspaket" an;31.08.2022;;https://www.sueddeutsche.de/politik/meseberg-scholz-habeck-lindner-1.5648275;
1685234114-6;https://www.sueddeutsche.de/news/page/5?search=B%C3%BCrgergeld&sort=date&all%5B%5D=dep&typ%5B%5D=article&sys%5B%5D=sz&catsz%5B%5D=alles&time=2013-01-01T00%3A00%2F2013-06-19T23%3A59&startDate=01.08.2022&endDate=31.01.2023;Vom 49-Euro-Ticket bis zur Gasumlage;30.08.2022;;https://www.sueddeutsche.de/politik/ampelkoalition-entlastungen-meseburg-1.5647448;
1685234114-7;https://www.sueddeutsche.de/news/page/5?search=B%C3%BCrgergeld&sort=date&all%5B%5D=dep&typ%5B%5D=article&sys%5B%5D=sz&catsz%5B%5D=alles&time=2013-01-01T00%3A00%2F2013-06-19T23%3A59&startDate=01.08.2022&endDate=31.01.2023;Vom sozialdemokratischen Jahrzehnt ist so gut wie nichts zu spüren;29.08.2022;;https://www.sueddeutsche.de/meinung/entlastungspakete-ampel-koalition-olaf-scholz-spd-mindestlohn-energie-ukraine-1.5646558;
1685234114-10;https://www.sueddeutsche.de/news/page/5?search=B%C3%BCrgergeld&sort=date&all%5B%5D=dep&typ%5B%5D=article&sys%5B%5D=sz&catsz%5B%5D=alles&time=2013-01-01T00%3A00%2F2013-06-19T23%3A59&startDate=01.08.2022&endDate=31.01.2023;Ausflüge in die Wirklichkeit;27.08.2022;;https://www.sueddeutsche.de/politik/sommerreisen-heil-lemke-1.5646012;
1685234114-11;https://www.sueddeutsche.de/news/page/5?search=B%C3%BCrgergeld&sort=date&all%5B%5D=dep&typ%5B%5D=article&sys%5B%5D=sz&catsz%5B%5D=alles&time=2013-01-01T00%3A00%2F2013-06-19T23%3A59&startDate=01.08.2022&endDate=31.01.2023;Und keiner will es gewesen sein;15.08.2022;;https://www.sueddeutsche.de/politik/gasumlage-entlastungspaket-ampelkoalition-1.5639620;
1685234114-12;https://www.sueddeutsche.de/news/page/5?search=B%C3%BCrgergeld&sort=date&all%5B%5D=dep&typ%5B%5D=article&sys%5B%5D=sz&catsz%5B%5D=alles&time=2013-01-01T00%3A00%2F2013-06-19T23%3A59&startDate=01.08.2022&endDate=31.01.2023;Das plant die Ampelkoalition für den Herbst;11.08.2022;;https://www.sueddeutsche.de/politik/olaf-scholz-sommerpressekonferenz-ampel-koalition-1.5638062;
1685234114-13;https://www.sueddeutsche.de/news/page/5?search=B%C3%BCrgergeld&sort=date&all%5B%5D=dep&typ%5B%5D=article&sys%5B%5D=sz&catsz%5B%5D=alles&time=2013-01-01T00%3A00%2F2013-06-19T23%3A59&startDate=01.08.2022&endDate=31.01.2023;VdK warnt vor sozialen Verwerfungen;11.08.2022;;https://www.sueddeutsche.de/bayern/sozialverband-vdk-verena-bentele-energiekosten-1.5638066;
1685234114-14;https://www.sueddeutsche.de/news/page/5?search=B%C3%BCrgergeld&sort=date&all%5B%5D=dep&typ%5B%5D=article&sys%5B%5D=sz&catsz%5B%5D=alles&time=2013-01-01T00%3A00%2F2013-06-19T23%3A59&startDate=01.08.2022&endDate=31.01.2023;Inflation trifft vor allem Geringverdiener;10.08.2022;;https://www.sueddeutsche.de/politik/inflation-preise-geringverdiener-1.5637411;
1685234114-15;https://www.sueddeutsche.de/news/page/5?search=B%C3%BCrgergeld&sort=date&all%5B%5D=dep&typ%5B%5D=article&sys%5B%5D=sz&catsz%5B%5D=alles&time=2013-01-01T00%3A00%2F2013-06-19T23%3A59&startDate=01.08.2022&endDate=31.01.2023;Aus mehr mach weniger;04.08.2022;;https://www.sueddeutsche.de/meinung/bundesregierung-ampelkoalition-olaf-scholz-christian-lindner-kalte-progression-steuern-1.5633291;
1685234114-16;https://www.sueddeutsche.de/news/page/5?search=B%C3%BCrgergeld&sort=date&all%5B%5D=dep&typ%5B%5D=article&sys%5B%5D=sz&catsz%5B%5D=alles&time=2013-01-01T00%3A00%2F2013-06-19T23%3A59&startDate=01.08.2022&endDate=31.01.2023;Nachrichten des Tages - die Übersicht für Eilige;02.08.2022;;https://www.sueddeutsche.de/politik/news-ukraine-corona-usa-al-qaida-taiwan-hartz-iv-1.5632040;
1685234114-17;https://www.sueddeutsche.de/news/page/5?search=B%C3%BCrgergeld&sort=date&all%5B%5D=dep&typ%5B%5D=article&sys%5B%5D=sz&catsz%5B%5D=alles&time=2013-01-01T00%3A00%2F2013-06-19T23%3A59&startDate=01.08.2022&endDate=31.01.2023;Was sich Langzeitarbeitslose vom Bürgergeld erhoffen;02.08.2022;;https://www.sueddeutsche.de/politik/hartz-iv-buergergeld-arbeitslosengeld-studie-1.5631388;
1685234114-18;https://www.sueddeutsche.de/news/page/5?search=B%C3%BCrgergeld&sort=date&all%5B%5D=dep&typ%5B%5D=article&sys%5B%5D=sz&catsz%5B%5D=alles&time=2013-01-01T00%3A00%2F2013-06-19T23%3A59&startDate=01.08.2022&endDate=31.01.2023;Wo das Misstrauen regiert;01.08.2022;;https://www.sueddeutsche.de/meinung/bundesregierung-ampel-krise-1.5631742;
1685234117-57;https://www.sueddeutsche.de/news/page/4?search=B%C3%BCrgergeld&sort=date&all%5B%5D=dep&typ%5B%5D=article&sys%5B%5D=sz&catsz%5B%5D=alles&time=2013-01-01T00%3A00%2F2013-06-19T23%3A59&startDate=01.08.2022&endDate=31.01.2023;Skepsis gegen Hafen-Entscheidung;27.10.2022;;https://www.sueddeutsche.de/muenchen/fuerstenfeldbruck/hamburger-hafen-cosco-china-politik-ampelkoalition-olaf-scholz-spd-bundestagsfraktion-olching-eichenau-1.5682599;
1685234117-58;https://www.sueddeutsche.de/news/page/4?search=B%C3%BCrgergeld&sort=date&all%5B%5D=dep&typ%5B%5D=article&sys%5B%5D=sz&catsz%5B%5D=alles&time=2013-01-01T00%3A00%2F2013-06-19T23%3A59&startDate=01.08.2022&endDate=31.01.2023;"Der Staat darf nicht übergriffig werden";25.10.2022;;https://www.sueddeutsche.de/bayern/bayern-martin-huber-csu-generalsekretaer-interview-1.5681322;
1685234117-59;https://www.sueddeutsche.de/news/page/4?search=B%C3%BCrgergeld&sort=date&all%5B%5D=dep&typ%5B%5D=article&sys%5B%5D=sz&catsz%5B%5D=alles&time=2013-01-01T00%3A00%2F2013-06-19T23%3A59&startDate=01.08.2022&endDate=31.01.2023;Nachrichten des Tages - die Übersicht für Eilige;25.10.2022;;https://www.sueddeutsche.de/politik/news-ukraine-steinmeier-charles-iii-premier-hafen-deal-1.5681068;
1685234117-60;https://www.sueddeutsche.de/news/page/4?search=B%C3%BCrgergeld&sort=date&all%5B%5D=dep&typ%5B%5D=article&sys%5B%5D=sz&catsz%5B%5D=alles&time=2013-01-01T00%3A00%2F2013-06-19T23%3A59&startDate=01.08.2022&endDate=31.01.2023;Mehr Geld für alle;24.10.2022;;https://www.sueddeutsche.de/wirtschaft/einkommensteuer-grundfreibetrag-kalte-progression-1.5680958;
1685234117-61;https://www.sueddeutsche.de/news/page/4?search=B%C3%BCrgergeld&sort=date&all%5B%5D=dep&typ%5B%5D=article&sys%5B%5D=sz&catsz%5B%5D=alles&time=2013-01-01T00%3A00%2F2013-06-19T23%3A59&startDate=01.08.2022&endDate=31.01.2023;Das Wochenende kompakt - die Übersicht für Eilige;23.10.2022;;https://www.sueddeutsche.de/politik/news-nachrichten-xi-china-ampel-heizkosten-buergergeld-iran-demo-berlin-ukraine-1.5680358;
1685234117-62;https://www.sueddeutsche.de/news/page/4?search=B%C3%BCrgergeld&sort=date&all%5B%5D=dep&typ%5B%5D=article&sys%5B%5D=sz&catsz%5B%5D=alles&time=2013-01-01T00%3A00%2F2013-06-19T23%3A59&startDate=01.08.2022&endDate=31.01.2023;Das sind die Streitpunkte beim Bürgergeld;23.10.2022;;https://www.sueddeutsche.de/wirtschaft/buergergeld-ampelkoalition-arbeitslose-1.5680090;
1685234117-63;https://www.sueddeutsche.de/news/page/4?search=B%C3%BCrgergeld&sort=date&all%5B%5D=dep&typ%5B%5D=article&sys%5B%5D=sz&catsz%5B%5D=alles&time=2013-01-01T00%3A00%2F2013-06-19T23%3A59&startDate=01.08.2022&endDate=31.01.2023;Nicht mehr mit uns;23.10.2022;;https://www.sueddeutsche.de/meinung/buergergeld-nicht-mehr-mit-uns-1.5680176;
1685234117-64;https://www.sueddeutsche.de/news/page/4?search=B%C3%BCrgergeld&sort=date&all%5B%5D=dep&typ%5B%5D=article&sys%5B%5D=sz&catsz%5B%5D=alles&time=2013-01-01T00%3A00%2F2013-06-19T23%3A59&startDate=01.08.2022&endDate=31.01.2023;FDP will Heizkosten-Zuschüsse für Ärmere begrenzen;23.10.2022;;https://www.sueddeutsche.de/politik/fdp-heizkosten-energiesparen-ampelkoalition-1.5680029;
1685234117-65;https://www.sueddeutsche.de/news/page/4?search=B%C3%BCrgergeld&sort=date&all%5B%5D=dep&typ%5B%5D=article&sys%5B%5D=sz&catsz%5B%5D=alles&time=2013-01-01T00%3A00%2F2013-06-19T23%3A59&startDate=01.08.2022&endDate=31.01.2023;Landkreis investiert 250 Millionen Euro in weiterführende Schulen;23.10.2022;;https://www.sueddeutsche.de/muenchen/dachau/dachau-kreistag-schulausschuss-investionen-schulen-1.5679931;
1685234117-66;https://www.sueddeutsche.de/news/page/4?search=B%C3%BCrgergeld&sort=date&all%5B%5D=dep&typ%5B%5D=article&sys%5B%5D=sz&catsz%5B%5D=alles&time=2013-01-01T00%3A00%2F2013-06-19T23%3A59&startDate=01.08.2022&endDate=31.01.2023;Schweinfurt will Landesgartenschau doch nicht ausrichten;19.10.2022;;https://www.sueddeutsche.de/bayern/landesgartenschau-bayern-schweinfurt-remele-energiepreise-1.5678024;
1685234117-67;https://www.sueddeutsche.de/news/page/4?search=B%C3%BCrgergeld&sort=date&all%5B%5D=dep&typ%5B%5D=article&sys%5B%5D=sz&catsz%5B%5D=alles&time=2013-01-01T00%3A00%2F2013-06-19T23%3A59&startDate=01.08.2022&endDate=31.01.2023;Das Bürgergeld ist richtig - trotz aller Kritik;17.10.2022;;https://www.sueddeutsche.de/wirtschaft/buergergeld-vermoegen-fairer-sozialstaat-sanktionen-1.5676689;
1685234117-68;https://www.sueddeutsche.de/news/page/4?search=B%C3%BCrgergeld&sort=date&all%5B%5D=dep&typ%5B%5D=article&sys%5B%5D=sz&catsz%5B%5D=alles&time=2013-01-01T00%3A00%2F2013-06-19T23%3A59&startDate=01.08.2022&endDate=31.01.2023;Nachrichten am 17. Oktober 2022;17.10.2022;;https://www.sueddeutsche.de/politik/news-nachrichten-ukraine-bildung-bundesrechnungshof-buergergeld-schweden-1.5676795;
1685234117-69;https://www.sueddeutsche.de/news/page/4?search=B%C3%BCrgergeld&sort=date&all%5B%5D=dep&typ%5B%5D=article&sys%5B%5D=sz&catsz%5B%5D=alles&time=2013-01-01T00%3A00%2F2013-06-19T23%3A59&startDate=01.08.2022&endDate=31.01.2023;Befreite Gebiete in der Ukraine: Warum nicht alle feiern;17.10.2022;;https://www.sueddeutsche.de/politik/podcast-nachrichten-ukraine-krieg-russland-ostukraine-kupjansk-1.5676774;
1685234117-70;https://www.sueddeutsche.de/news/page/4?search=B%C3%BCrgergeld&sort=date&all%5B%5D=dep&typ%5B%5D=article&sys%5B%5D=sz&catsz%5B%5D=alles&time=2013-01-01T00%3A00%2F2013-06-19T23%3A59&startDate=01.08.2022&endDate=31.01.2023;Rechnungshof rügt Bürgergeld-Pläne;17.10.2022;;https://www.sueddeutsche.de/wirtschaft/rechnungshof-buergergeld-1.5676629;
1685234117-71;https://www.sueddeutsche.de/news/page/4?search=B%C3%BCrgergeld&sort=date&all%5B%5D=dep&typ%5B%5D=article&sys%5B%5D=sz&catsz%5B%5D=alles&time=2013-01-01T00%3A00%2F2013-06-19T23%3A59&startDate=01.08.2022&endDate=31.01.2023;Was das Bürgergeld von Hartz IV unterscheidet;13.10.2022;;https://www.sueddeutsche.de/politik/buergergeld-hartz-iv-bundestag-heil-1.5674072;
1685234117-72;https://www.sueddeutsche.de/news/page/4?search=B%C3%BCrgergeld&sort=date&all%5B%5D=dep&typ%5B%5D=article&sys%5B%5D=sz&catsz%5B%5D=alles&time=2013-01-01T00%3A00%2F2013-06-19T23%3A59&startDate=01.08.2022&endDate=31.01.2023;Söder wettert gegen "illiberales Spießertum";12.10.2022;;https://www.sueddeutsche.de/muenchen/muenchen-markus-soeder-csu-bezirksparteitag-1.5673725;
1685234117-73;https://www.sueddeutsche.de/news/page/4?search=B%C3%BCrgergeld&sort=date&all%5B%5D=dep&typ%5B%5D=article&sys%5B%5D=sz&catsz%5B%5D=alles&time=2013-01-01T00%3A00%2F2013-06-19T23%3A59&startDate=01.08.2022&endDate=31.01.2023;Eine Stadt und ihre Angst vor Giorgia Meloni;10.10.2022;;https://www.sueddeutsche.de/politik/italien-neapel-armut-meloni-1.5671471;
1685234117-74;https://www.sueddeutsche.de/news/page/4?search=B%C3%BCrgergeld&sort=date&all%5B%5D=dep&typ%5B%5D=article&sys%5B%5D=sz&catsz%5B%5D=alles&time=2013-01-01T00%3A00%2F2013-06-19T23%3A59&startDate=01.08.2022&endDate=31.01.2023;Auftakt für den heißen Winter;09.10.2022;;https://www.sueddeutsche.de/politik/oeffentlicher-dienst-verdi-tarifrunde-streiks-1.5671342;
1685234117-75;https://www.sueddeutsche.de/news/page/4?search=B%C3%BCrgergeld&sort=date&all%5B%5D=dep&typ%5B%5D=article&sys%5B%5D=sz&catsz%5B%5D=alles&time=2013-01-01T00%3A00%2F2013-06-19T23%3A59&startDate=01.08.2022&endDate=31.01.2023;"Die Hilfe wird nicht so schnell ankommen, wie es sein müsste";04.10.2022;;https://www.sueddeutsche.de/muenchen/dachau/dachau-wohngeld-armut-energiekosten-hilfe-landratsamt-1.5668652;
1685234117-77;https://www.sueddeutsche.de/news/page/4?search=B%C3%BCrgergeld&sort=date&all%5B%5D=dep&typ%5B%5D=article&sys%5B%5D=sz&catsz%5B%5D=alles&time=2013-01-01T00%3A00%2F2013-06-19T23%3A59&startDate=01.08.2022&endDate=31.01.2023;"Wir sind absolut machtlos";26.09.2022;;https://www.sueddeutsche.de/muenchen/freising/energiekosten-inflation-kostensteigerung-wohlfahrtsverbaende-freising-1.5663810;
1685234117-78;https://www.sueddeutsche.de/news/page/4?search=B%C3%BCrgergeld&sort=date&all%5B%5D=dep&typ%5B%5D=article&sys%5B%5D=sz&catsz%5B%5D=alles&time=2013-01-01T00%3A00%2F2013-06-19T23%3A59&startDate=01.08.2022&endDate=31.01.2023;Extreme Rechte siegt in Italien: Neuer Ärger für die EU;26.09.2022;;https://www.sueddeutsche.de/politik/podcast-nachrichten-italien-faschismus-meloni-1.5664280;
1685234117-79;https://www.sueddeutsche.de/news/page/4?search=B%C3%BCrgergeld&sort=date&all%5B%5D=dep&typ%5B%5D=article&sys%5B%5D=sz&catsz%5B%5D=alles&time=2013-01-01T00%3A00%2F2013-06-19T23%3A59&startDate=01.08.2022&endDate=31.01.2023;"Die Löhne müssen steigen, und zwar spürbar";24.09.2022;;https://www.sueddeutsche.de/wirtschaft/miete-inflation-energie-vonovia-1.5662860;
1685234117-80;https://www.sueddeutsche.de/news/page/4?search=B%C3%BCrgergeld&sort=date&all%5B%5D=dep&typ%5B%5D=article&sys%5B%5D=sz&catsz%5B%5D=alles&time=2013-01-01T00%3A00%2F2013-06-19T23%3A59&startDate=01.08.2022&endDate=31.01.2023;Nachrichten am 23. September 2022;23.09.2022;;https://www.sueddeutsche.de/politik/news-nachrichten-ukraine-scheinreferenden-in-ukraine-eu-und-deserteure-hilary-mantel-tot-1.5663103;
1685234117-81;https://www.sueddeutsche.de/news/page/4?search=B%C3%BCrgergeld&sort=date&all%5B%5D=dep&typ%5B%5D=article&sys%5B%5D=sz&catsz%5B%5D=alles&time=2013-01-01T00%3A00%2F2013-06-19T23%3A59&startDate=01.08.2022&endDate=31.01.2023;Länder befürchten Defizit von 30 Milliarden Euro;23.09.2022;;https://www.sueddeutsche.de/politik/nahverkehr-finanzstreit-bundeslaender-1.5662928;
1685234117-82;https://www.sueddeutsche.de/news/page/4?search=B%C3%BCrgergeld&sort=date&all%5B%5D=dep&typ%5B%5D=article&sys%5B%5D=sz&catsz%5B%5D=alles&time=2013-01-01T00%3A00%2F2013-06-19T23%3A59&startDate=01.08.2022&endDate=31.01.2023;Zögern gilt nicht mehr;18.09.2022;;https://www.sueddeutsche.de/meinung/arbeitszeiterfassung-bundesarbeitsgericht-urteil-koalition-sozialpolitik-1.5659528;
1685234117-83;https://www.sueddeutsche.de/news/page/4?search=B%C3%BCrgergeld&sort=date&all%5B%5D=dep&typ%5B%5D=article&sys%5B%5D=sz&catsz%5B%5D=alles&time=2013-01-01T00%3A00%2F2013-06-19T23%3A59&startDate=01.08.2022&endDate=31.01.2023;"Das Verweigern fällt nun leichter";15.09.2022;;https://www.sueddeutsche.de/politik/buergergeld-hartz-iv-sanktionen-interview-1.5657558;
1685234117-84;https://www.sueddeutsche.de/news/page/4?search=B%C3%BCrgergeld&sort=date&all%5B%5D=dep&typ%5B%5D=article&sys%5B%5D=sz&catsz%5B%5D=alles&time=2013-01-01T00%3A00%2F2013-06-19T23%3A59&startDate=01.08.2022&endDate=31.01.2023;Nachrichten am 14. September 2022;14.09.2022;;https://www.sueddeutsche.de/politik/news-nachrichten-europaeische-union-sanktionen-selenskij-1.5657456;
1685234117-85;https://www.sueddeutsche.de/news/page/4?search=B%C3%BCrgergeld&sort=date&all%5B%5D=dep&typ%5B%5D=article&sys%5B%5D=sz&catsz%5B%5D=alles&time=2013-01-01T00%3A00%2F2013-06-19T23%3A59&startDate=01.08.2022&endDate=31.01.2023;Ablöse für Hartz IV kommt;14.09.2022;;https://www.sueddeutsche.de/politik/hartz-iv-abloese-buergergeld-1.5657302;
1685234117-86;https://www.sueddeutsche.de/news/page/4?search=B%C3%BCrgergeld&sort=date&all%5B%5D=dep&typ%5B%5D=article&sys%5B%5D=sz&catsz%5B%5D=alles&time=2013-01-01T00%3A00%2F2013-06-19T23%3A59&startDate=01.08.2022&endDate=31.01.2023;Bergkarabach: Krieg in Russlands Hinterhof;14.09.2022;;https://www.sueddeutsche.de/politik/podcast-nachrichten-bergkarabach-krieg-in-russlands-hinterhof-1.5657150;
1685234117-87;https://www.sueddeutsche.de/news/page/4?search=B%C3%BCrgergeld&sort=date&all%5B%5D=dep&typ%5B%5D=article&sys%5B%5D=sz&catsz%5B%5D=alles&time=2013-01-01T00%3A00%2F2013-06-19T23%3A59&startDate=01.08.2022&endDate=31.01.2023;Das Streiflicht;13.09.2022;;https://www.sueddeutsche.de/politik/glosse-das-streiflicht-1.5656576;
1685234117-88;https://www.sueddeutsche.de/news/page/4?search=B%C3%BCrgergeld&sort=date&all%5B%5D=dep&typ%5B%5D=article&sys%5B%5D=sz&catsz%5B%5D=alles&time=2013-01-01T00%3A00%2F2013-06-19T23%3A59&startDate=01.08.2022&endDate=31.01.2023;Scholz verspricht Unternehmen Hilfe;13.09.2022;;https://www.sueddeutsche.de/politik/scholz-arbeitgebertag-habeck-dulger-1.5656524;
1685234117-89;https://www.sueddeutsche.de/news/page/4?search=B%C3%BCrgergeld&sort=date&all%5B%5D=dep&typ%5B%5D=article&sys%5B%5D=sz&catsz%5B%5D=alles&time=2013-01-01T00%3A00%2F2013-06-19T23%3A59&startDate=01.08.2022&endDate=31.01.2023;Olaf Scholz gibt den Macher;13.09.2022;;https://www.sueddeutsche.de/politik/olaf-scholz-arbeitgebertag-1.5656440;
1685234117-90;https://www.sueddeutsche.de/news/page/4?search=B%C3%BCrgergeld&sort=date&all%5B%5D=dep&typ%5B%5D=article&sys%5B%5D=sz&catsz%5B%5D=alles&time=2013-01-01T00%3A00%2F2013-06-19T23%3A59&startDate=01.08.2022&endDate=31.01.2023;Studie: Sanktionen verstärken psychosoziale Probleme;12.09.2022;;https://www.sueddeutsche.de/wirtschaft/hartz-iv-sanktionen-1.5655722;
1685234117-91;https://www.sueddeutsche.de/news/page/4?search=B%C3%BCrgergeld&sort=date&all%5B%5D=dep&typ%5B%5D=article&sys%5B%5D=sz&catsz%5B%5D=alles&time=2013-01-01T00%3A00%2F2013-06-19T23%3A59&startDate=01.08.2022&endDate=31.01.2023;502 Euro Bürgergeld;11.09.2022;;https://www.sueddeutsche.de/politik/hubertus-heil-zu-hartz-iv-erhoehung-502-euro-buergergeld-1.5655139;
1685234117-92;https://www.sueddeutsche.de/news/page/4?search=B%C3%BCrgergeld&sort=date&all%5B%5D=dep&typ%5B%5D=article&sys%5B%5D=sz&catsz%5B%5D=alles&time=2013-01-01T00%3A00%2F2013-06-19T23%3A59&startDate=01.08.2022&endDate=31.01.2023;Wer von den Entlastungspaketen profitiert;11.09.2022;;https://www.sueddeutsche.de/wirtschaft/entlastungspaket-energiekosten-regierung-proteste-1.5654424;
1685234117-93;https://www.sueddeutsche.de/news/page/4?search=B%C3%BCrgergeld&sort=date&all%5B%5D=dep&typ%5B%5D=article&sys%5B%5D=sz&catsz%5B%5D=alles&time=2013-01-01T00%3A00%2F2013-06-19T23%3A59&startDate=01.08.2022&endDate=31.01.2023;Zehn Milliarden Euro in der Fußnote;08.09.2022;;https://www.sueddeutsche.de/politik/entlastungspaket-christian-lindner-kosten-1.5653043;
1685234117-94;https://www.sueddeutsche.de/news/page/4?search=B%C3%BCrgergeld&sort=date&all%5B%5D=dep&typ%5B%5D=article&sys%5B%5D=sz&catsz%5B%5D=alles&time=2013-01-01T00%3A00%2F2013-06-19T23%3A59&startDate=01.08.2022&endDate=31.01.2023;Söders Hartz-IV-Äußerungen sind schwer erträglich;07.09.2022;;https://www.sueddeutsche.de/bayern/soeder-csu-hartz-iv-arbeitslose-gillamoos-abensberg-bayern-1.5651631;
1685234117-95;https://www.sueddeutsche.de/news/page/4?search=B%C3%BCrgergeld&sort=date&all%5B%5D=dep&typ%5B%5D=article&sys%5B%5D=sz&catsz%5B%5D=alles&time=2013-01-01T00%3A00%2F2013-06-19T23%3A59&startDate=01.08.2022&endDate=31.01.2023;"Bierzelt ist halt Bierzelt" - oder?;06.09.2022;;https://www.sueddeutsche.de/bayern/markus-soeder-arbeitslose-gillamoos-bayern-hartz-iv-csu-bierzelt-1.5652270;
1685234117-96;https://www.sueddeutsche.de/news/page/4?search=B%C3%BCrgergeld&sort=date&all%5B%5D=dep&typ%5B%5D=article&sys%5B%5D=sz&catsz%5B%5D=alles&time=2013-01-01T00%3A00%2F2013-06-19T23%3A59&startDate=01.08.2022&endDate=31.01.2023;Kompromisse in der Krise;06.09.2022;;https://www.sueddeutsche.de/meinung/entlastungen-ampel-uebergewinnsteuer-zufallsgewinne-angebotsschock-atomkraft-1.5651556;
1685234117-97;https://www.sueddeutsche.de/news/page/4?search=B%C3%BCrgergeld&sort=date&all%5B%5D=dep&typ%5B%5D=article&sys%5B%5D=sz&catsz%5B%5D=alles&time=2013-01-01T00%3A00%2F2013-06-19T23%3A59&startDate=01.08.2022&endDate=31.01.2023;Wer vom Entlastungspaket profitiert;05.09.2022;;https://www.sueddeutsche.de/politik/entlastungspaket-sozial-zielgenau-1.5651613;
1685234117-98;https://www.sueddeutsche.de/news/page/4?search=B%C3%BCrgergeld&sort=date&all%5B%5D=dep&typ%5B%5D=article&sys%5B%5D=sz&catsz%5B%5D=alles&time=2013-01-01T00%3A00%2F2013-06-19T23%3A59&startDate=01.08.2022&endDate=31.01.2023;Ein paar Konflikte bleiben;05.09.2022;;https://www.sueddeutsche.de/politik/berlin-ein-paar-konflikte-bleiben-1.5651618;
1685234117-99;https://www.sueddeutsche.de/news/page/4?search=B%C3%BCrgergeld&sort=date&all%5B%5D=dep&typ%5B%5D=article&sys%5B%5D=sz&catsz%5B%5D=alles&time=2013-01-01T00%3A00%2F2013-06-19T23%3A59&startDate=01.08.2022&endDate=31.01.2023;Trotz Entlastungspaket: "Für viele wird es ein schwieriger Winter";05.09.2022;;https://www.sueddeutsche.de/politik/podcast-nachrichten-entlastungspaket-bundesregierung-1.5651548;
1685234117-100;https://www.sueddeutsche.de/news/page/4?search=B%C3%BCrgergeld&sort=date&all%5B%5D=dep&typ%5B%5D=article&sys%5B%5D=sz&catsz%5B%5D=alles&time=2013-01-01T00%3A00%2F2013-06-19T23%3A59&startDate=01.08.2022&endDate=31.01.2023;So viel Staat war noch nie;05.09.2022;;https://www.sueddeutsche.de/meinung/entlastungen-staat-buergergeld-wohngeld-1.5651196;
1685234117-101;https://www.sueddeutsche.de/news/page/4?search=B%C3%BCrgergeld&sort=date&all%5B%5D=dep&typ%5B%5D=article&sys%5B%5D=sz&catsz%5B%5D=alles&time=2013-01-01T00%3A00%2F2013-06-19T23%3A59&startDate=01.08.2022&endDate=31.01.2023;So will die Regierung die Deutschen entlasten;04.09.2022;;https://www.sueddeutsche.de/politik/koalitionsgipfel-so-will-die-regierung-die-deutschen-entlasten-1.5650903;
1685234117-102;https://www.sueddeutsche.de/news/page/4?search=B%C3%BCrgergeld&sort=date&all%5B%5D=dep&typ%5B%5D=article&sys%5B%5D=sz&catsz%5B%5D=alles&time=2013-01-01T00%3A00%2F2013-06-19T23%3A59&startDate=01.08.2022&endDate=31.01.2023;Was die Bundesregierung im Einzelnen beschlossen hat;04.09.2022;;https://www.sueddeutsche.de/politik/entlastungspaket-ukrainekrieg-bundeskanzler-bundesregierung-1.5650552;
1685234117-103;https://www.sueddeutsche.de/news/page/4?search=B%C3%BCrgergeld&sort=date&all%5B%5D=dep&typ%5B%5D=article&sys%5B%5D=sz&catsz%5B%5D=alles&time=2013-01-01T00%3A00%2F2013-06-19T23%3A59&startDate=01.08.2022&endDate=31.01.2023;Ampel-Koalition einigt sich auf weiteres Entlastungspaket;04.09.2022;;https://www.sueddeutsche.de/politik/entlastungspaket-energiepreise-koalitionsausschuss-ampel-1.5650510;
1685234117-104;https://www.sueddeutsche.de/news/page/4?search=B%C3%BCrgergeld&sort=date&all%5B%5D=dep&typ%5B%5D=article&sys%5B%5D=sz&catsz%5B%5D=alles&time=2013-01-01T00%3A00%2F2013-06-19T23%3A59&startDate=01.08.2022&endDate=31.01.2023;Die Waage des Habeck;02.09.2022;;https://www.sueddeutsche.de/meinung/kolumne-von-heribert-prantl-ampelkoalition-bundesregierung-entlastungspakete-agenda-2010-demokratie-heinrich-boell-1.5649953;
1685234120-205;https://www.sueddeutsche.de/news/page/3?search=B%C3%BCrgergeld&sort=date&all%5B%5D=dep&typ%5B%5D=article&sys%5B%5D=sz&catsz%5B%5D=alles&time=2013-01-01T00%3A00%2F2013-06-19T23%3A59&startDate=01.08.2022&endDate=31.01.2023;Landratsamt rüstet sich für Folgen der Sozialreform;16.11.2022;;https://www.sueddeutsche.de/muenchen/landkreismuenchen/landkreis-muenchen-wohngeld-buergergeld-1.5697340;
1685234120-206;https://www.sueddeutsche.de/news/page/3?search=B%C3%BCrgergeld&sort=date&all%5B%5D=dep&typ%5B%5D=article&sys%5B%5D=sz&catsz%5B%5D=alles&time=2013-01-01T00%3A00%2F2013-06-19T23%3A59&startDate=01.08.2022&endDate=31.01.2023;"Riesiger Schuldkomplex";16.11.2022;;https://www.sueddeutsche.de/politik/buergergeld-hartziv-spd-cdu-csu-1.5697324;
1685234120-207;https://www.sueddeutsche.de/news/page/3?search=B%C3%BCrgergeld&sort=date&all%5B%5D=dep&typ%5B%5D=article&sys%5B%5D=sz&catsz%5B%5D=alles&time=2013-01-01T00%3A00%2F2013-06-19T23%3A59&startDate=01.08.2022&endDate=31.01.2023;"Bis Jahresende sind die Unterkünfte voll";16.11.2022;;https://www.sueddeutsche.de/muenchen/wolfratshausen/fluechtlingspolitik-josef-niedermaier-michael-grasl-stefan-fadinger-alexander-radwan-1.5697345;
1685234120-208;https://www.sueddeutsche.de/news/page/3?search=B%C3%BCrgergeld&sort=date&all%5B%5D=dep&typ%5B%5D=article&sys%5B%5D=sz&catsz%5B%5D=alles&time=2013-01-01T00%3A00%2F2013-06-19T23%3A59&startDate=01.08.2022&endDate=31.01.2023;Vermittlungsausschuss;15.11.2022;;https://www.sueddeutsche.de/meinung/aktuelles-lexikon-vermittlungsausschuss-1.5696092;
1685234120-209;https://www.sueddeutsche.de/news/page/3?search=B%C3%BCrgergeld&sort=date&all%5B%5D=dep&typ%5B%5D=article&sys%5B%5D=sz&catsz%5B%5D=alles&time=2013-01-01T00%3A00%2F2013-06-19T23%3A59&startDate=01.08.2022&endDate=31.01.2023;Nachrichten am 15. November 2022;15.11.2022;;https://www.sueddeutsche.de/politik/news-nachrichten-ukraine-gasspeicher-1.5696542;
1685234120-210;https://www.sueddeutsche.de/news/page/3?search=B%C3%BCrgergeld&sort=date&all%5B%5D=dep&typ%5B%5D=article&sys%5B%5D=sz&catsz%5B%5D=alles&time=2013-01-01T00%3A00%2F2013-06-19T23%3A59&startDate=01.08.2022&endDate=31.01.2023;Weshalb Bayerns Härtefallfonds auf sich warten lässt;15.11.2022;;https://www.sueddeutsche.de/bayern/energiekrise-bayern-haertefallfonds-buergergeld-aiwanger-1.5696262;
1685234120-211;https://www.sueddeutsche.de/news/page/3?search=B%C3%BCrgergeld&sort=date&all%5B%5D=dep&typ%5B%5D=article&sys%5B%5D=sz&catsz%5B%5D=alles&time=2013-01-01T00%3A00%2F2013-06-19T23%3A59&startDate=01.08.2022&endDate=31.01.2023;FDP bringt Kompromiss beim Bürgergeld ins Spiel;15.11.2022;;https://www.sueddeutsche.de/politik/buergergeld-fdp-kompromiss-bundesrat-1.5696044;
1685234120-212;https://www.sueddeutsche.de/news/page/3?search=B%C3%BCrgergeld&sort=date&all%5B%5D=dep&typ%5B%5D=article&sys%5B%5D=sz&catsz%5B%5D=alles&time=2013-01-01T00%3A00%2F2013-06-19T23%3A59&startDate=01.08.2022&endDate=31.01.2023;Nachrichten des Tages - die Übersicht für Eilige;15.11.2022;;https://www.sueddeutsche.de/politik/news-bali-g20-haushalt-pence-trump-1.5696022;
1685234120-213;https://www.sueddeutsche.de/news/page/3?search=B%C3%BCrgergeld&sort=date&all%5B%5D=dep&typ%5B%5D=article&sys%5B%5D=sz&catsz%5B%5D=alles&time=2013-01-01T00%3A00%2F2013-06-19T23%3A59&startDate=01.08.2022&endDate=31.01.2023;Nachrichten am 14. November 2022;14.11.2022;;https://www.sueddeutsche.de/politik/news-nachrichten-infantino-fifa-buergergeld-union-bundesrat-xi-biden-bali-g20-ukraine-1.5695947;
1685234120-214;https://www.sueddeutsche.de/news/page/3?search=B%C3%BCrgergeld&sort=date&all%5B%5D=dep&typ%5B%5D=article&sys%5B%5D=sz&catsz%5B%5D=alles&time=2013-01-01T00%3A00%2F2013-06-19T23%3A59&startDate=01.08.2022&endDate=31.01.2023;Friedrich Merz pokert hoch;14.11.2022;;https://www.sueddeutsche.de/meinung/buergergeld-bundesrat-friedrich-merz-cdu-blockade-1.5695856;
1685234120-215;https://www.sueddeutsche.de/news/page/3?search=B%C3%BCrgergeld&sort=date&all%5B%5D=dep&typ%5B%5D=article&sys%5B%5D=sz&catsz%5B%5D=alles&time=2013-01-01T00%3A00%2F2013-06-19T23%3A59&startDate=01.08.2022&endDate=31.01.2023;Es wird knapp für das Bürgergeld;14.11.2022;;https://www.sueddeutsche.de/politik/buergergeld-bundesrat-arbeitsmarktreform-1.5695881;
1685234120-216;https://www.sueddeutsche.de/news/page/3?search=B%C3%BCrgergeld&sort=date&all%5B%5D=dep&typ%5B%5D=article&sys%5B%5D=sz&catsz%5B%5D=alles&time=2013-01-01T00%3A00%2F2013-06-19T23%3A59&startDate=01.08.2022&endDate=31.01.2023;Scholz auf Asienreise: Auf der Suche nach neuen Partnern;14.11.2022;;https://www.sueddeutsche.de/politik/podcast-nachrichten-scholz-auf-asienreise-auf-der-suche-nach-neuen-partnern-1.5695907;
1685234120-217;https://www.sueddeutsche.de/news/page/3?search=B%C3%BCrgergeld&sort=date&all%5B%5D=dep&typ%5B%5D=article&sys%5B%5D=sz&catsz%5B%5D=alles&time=2013-01-01T00%3A00%2F2013-06-19T23%3A59&startDate=01.08.2022&endDate=31.01.2023;Union stoppt Bürgergeld-Reform im Bundesrat;14.11.2022;;https://www.sueddeutsche.de/politik/bundesrat-union-verhindert-buergergeld-1.5695453;
1685234120-218;https://www.sueddeutsche.de/news/page/3?search=B%C3%BCrgergeld&sort=date&all%5B%5D=dep&typ%5B%5D=article&sys%5B%5D=sz&catsz%5B%5D=alles&time=2013-01-01T00%3A00%2F2013-06-19T23%3A59&startDate=01.08.2022&endDate=31.01.2023;Worüber gestritten wird und wie ein Kompromiss aussehen könnte;14.11.2022;;https://www.sueddeutsche.de/politik/buergergeld-hartz-iv-heil-bundesrat-1.5695450;
1685234120-219;https://www.sueddeutsche.de/news/page/3?search=B%C3%BCrgergeld&sort=date&all%5B%5D=dep&typ%5B%5D=article&sys%5B%5D=sz&catsz%5B%5D=alles&time=2013-01-01T00%3A00%2F2013-06-19T23%3A59&startDate=01.08.2022&endDate=31.01.2023;Bis zum weißen Rauch dauert es noch;13.11.2022;;https://www.sueddeutsche.de/medien/anne-will-tv-kritik-streit-buergergeld-1.5695381;
1685234120-220;https://www.sueddeutsche.de/news/page/3?search=B%C3%BCrgergeld&sort=date&all%5B%5D=dep&typ%5B%5D=article&sys%5B%5D=sz&catsz%5B%5D=alles&time=2013-01-01T00%3A00%2F2013-06-19T23%3A59&startDate=01.08.2022&endDate=31.01.2023;Kein Kompromiss  in Sicht;13.11.2022;;https://www.sueddeutsche.de/wirtschaft/buergergeld-kein-kompromiss-in-sicht-1.5695115;
1685234120-221;https://www.sueddeutsche.de/news/page/3?search=B%C3%BCrgergeld&sort=date&all%5B%5D=dep&typ%5B%5D=article&sys%5B%5D=sz&catsz%5B%5D=alles&time=2013-01-01T00%3A00%2F2013-06-19T23%3A59&startDate=01.08.2022&endDate=31.01.2023;So gibt es mehr Wohngeld;13.11.2022;;https://www.sueddeutsche.de/wirtschaft/wohngeld-geringverdiener-rente-alleinerziehende-tipps-1.5695011;
1685234120-222;https://www.sueddeutsche.de/news/page/3?search=B%C3%BCrgergeld&sort=date&all%5B%5D=dep&typ%5B%5D=article&sys%5B%5D=sz&catsz%5B%5D=alles&time=2013-01-01T00%3A00%2F2013-06-19T23%3A59&startDate=01.08.2022&endDate=31.01.2023;Für und Wider Bürgergeld;11.11.2022;;https://www.sueddeutsche.de/muenchen/fuerstenfeldbruck/buergergeld-hartz-iv-michael-schrodi-katrin-staffler-arbeitslosengeld-1.5694213;
1685234120-223;https://www.sueddeutsche.de/news/page/3?search=B%C3%BCrgergeld&sort=date&all%5B%5D=dep&typ%5B%5D=article&sys%5B%5D=sz&catsz%5B%5D=alles&time=2013-01-01T00%3A00%2F2013-06-19T23%3A59&startDate=01.08.2022&endDate=31.01.2023;Bürgergeld kommt nicht gut an;11.11.2022;;https://www.sueddeutsche.de/politik/politbarometer-buergergeld-kommt-nicht-gut-an-1.5694201;
1685234120-224;https://www.sueddeutsche.de/news/page/3?search=B%C3%BCrgergeld&sort=date&all%5B%5D=dep&typ%5B%5D=article&sys%5B%5D=sz&catsz%5B%5D=alles&time=2013-01-01T00%3A00%2F2013-06-19T23%3A59&startDate=01.08.2022&endDate=31.01.2023;Arbeit ist mehr als das Gehalt;11.11.2022;;https://www.sueddeutsche.de/wirtschaft/buergergeld-sozialstaat-arbeitsmarkt-hartz-iv-geringverdiener-1.5694522;
1685234120-225;https://www.sueddeutsche.de/news/page/3?search=B%C3%BCrgergeld&sort=date&all%5B%5D=dep&typ%5B%5D=article&sys%5B%5D=sz&catsz%5B%5D=alles&time=2013-01-01T00%3A00%2F2013-06-19T23%3A59&startDate=01.08.2022&endDate=31.01.2023;Ihr uns auch;10.11.2022;;https://www.sueddeutsche.de/kultur/wir-themenwoche-regierung-und-ard-gastbeitrag-christian-baron-1.5690668;
1685234120-226;https://www.sueddeutsche.de/news/page/3?search=B%C3%BCrgergeld&sort=date&all%5B%5D=dep&typ%5B%5D=article&sys%5B%5D=sz&catsz%5B%5D=alles&time=2013-01-01T00%3A00%2F2013-06-19T23%3A59&startDate=01.08.2022&endDate=31.01.2023;Was für ein falsches Theater;10.11.2022;;https://www.sueddeutsche.de/meinung/buergergeld-hartz-iv-ampel-union-friedrich-merz-markus-soeder-1.5693636;
1685234120-227;https://www.sueddeutsche.de/news/page/3?search=B%C3%BCrgergeld&sort=date&all%5B%5D=dep&typ%5B%5D=article&sys%5B%5D=sz&catsz%5B%5D=alles&time=2013-01-01T00%3A00%2F2013-06-19T23%3A59&startDate=01.08.2022&endDate=31.01.2023;7000 Menschen im Landkreis profitieren vom Bürgergeld;10.11.2022;;https://www.sueddeutsche.de/muenchen/landkreismuenchen/landkreis-muenchen-buergergeld-michael-schrodi-1.5693778;
1685234120-228;https://www.sueddeutsche.de/news/page/3?search=B%C3%BCrgergeld&sort=date&all%5B%5D=dep&typ%5B%5D=article&sys%5B%5D=sz&catsz%5B%5D=alles&time=2013-01-01T00%3A00%2F2013-06-19T23%3A59&startDate=01.08.2022&endDate=31.01.2023;Nachrichten am 10. November 2022;10.11.2022;;https://www.sueddeutsche.de/politik/news-nachrichten-buergergeld-iran-baerbock-flick-wm-kader-ukraine-1.5693895;
1685234120-229;https://www.sueddeutsche.de/news/page/3?search=B%C3%BCrgergeld&sort=date&all%5B%5D=dep&typ%5B%5D=article&sys%5B%5D=sz&catsz%5B%5D=alles&time=2013-01-01T00%3A00%2F2013-06-19T23%3A59&startDate=01.08.2022&endDate=31.01.2023;Bürgergeld nimmt erste Hürde;10.11.2022;;https://www.sueddeutsche.de/politik/buergergeld-bundesregierung-cdu-1.5693603;
1685234120-230;https://www.sueddeutsche.de/news/page/3?search=B%C3%BCrgergeld&sort=date&all%5B%5D=dep&typ%5B%5D=article&sys%5B%5D=sz&catsz%5B%5D=alles&time=2013-01-01T00%3A00%2F2013-06-19T23%3A59&startDate=01.08.2022&endDate=31.01.2023;Klimakrise: Geld für die, die am meisten leiden?;10.11.2022;;https://www.sueddeutsche.de/politik/podcast-nachrichten-klimakonferenz-cop27-klimakrise-klimaschaeden-schaeden-und-verluste-globaler-sueden-1.5693808;
1685234120-231;https://www.sueddeutsche.de/news/page/3?search=B%C3%BCrgergeld&sort=date&all%5B%5D=dep&typ%5B%5D=article&sys%5B%5D=sz&catsz%5B%5D=alles&time=2013-01-01T00%3A00%2F2013-06-19T23%3A59&startDate=01.08.2022&endDate=31.01.2023;Bundestag beschließt Bürgergeld;10.11.2022;;https://www.sueddeutsche.de/politik/reform-arbeitslosengeld-buergergeld-hartz-iv-bundestag-1.5693087;
1685234120-232;https://www.sueddeutsche.de/news/page/3?search=B%C3%BCrgergeld&sort=date&all%5B%5D=dep&typ%5B%5D=article&sys%5B%5D=sz&catsz%5B%5D=alles&time=2013-01-01T00%3A00%2F2013-06-19T23%3A59&startDate=01.08.2022&endDate=31.01.2023;Vom Bürgergeld und dem Lohn der Arbeit;10.11.2022;;https://www.sueddeutsche.de/politik/buergergeld-bundestag-hartz-iv-unterschied-1.5691120;
1685234120-233;https://www.sueddeutsche.de/news/page/3?search=B%C3%BCrgergeld&sort=date&all%5B%5D=dep&typ%5B%5D=article&sys%5B%5D=sz&catsz%5B%5D=alles&time=2013-01-01T00%3A00%2F2013-06-19T23%3A59&startDate=01.08.2022&endDate=31.01.2023;Nachrichten am 9. November 2022;09.11.2022;;https://www.sueddeutsche.de/politik/news-nachrichten-ukraine-cherson-midterms-inflation-1.5692009;
1685234120-234;https://www.sueddeutsche.de/news/page/3?search=B%C3%BCrgergeld&sort=date&all%5B%5D=dep&typ%5B%5D=article&sys%5B%5D=sz&catsz%5B%5D=alles&time=2013-01-01T00%3A00%2F2013-06-19T23%3A59&startDate=01.08.2022&endDate=31.01.2023;Bündnis fordert Maßnahmen gegen soziale Ungleichheit;09.11.2022;;https://www.sueddeutsche.de/bayern/sozialverbaende-ungleichheit-bayern-1.5691838;
1685234120-235;https://www.sueddeutsche.de/news/page/3?search=B%C3%BCrgergeld&sort=date&all%5B%5D=dep&typ%5B%5D=article&sys%5B%5D=sz&catsz%5B%5D=alles&time=2013-01-01T00%3A00%2F2013-06-19T23%3A59&startDate=01.08.2022&endDate=31.01.2023;Bürgergeld: Arbeit wird sich weiter lohnen;08.11.2022;;https://www.sueddeutsche.de/politik/podcast-nachrichten-buergergeld-arbeit-wird-sich-weiter-lohnen-1.5689550;
1685234120-236;https://www.sueddeutsche.de/news/page/3?search=B%C3%BCrgergeld&sort=date&all%5B%5D=dep&typ%5B%5D=article&sys%5B%5D=sz&catsz%5B%5D=alles&time=2013-01-01T00%3A00%2F2013-06-19T23%3A59&startDate=01.08.2022&endDate=31.01.2023;Bierzeltniveau statt Zukunftsantworten;07.11.2022;;https://www.sueddeutsche.de/kolumne/leserbriefe-soeder-wahlkampf-kritik-1.5688754;
1685234120-237;https://www.sueddeutsche.de/news/page/3?search=B%C3%BCrgergeld&sort=date&all%5B%5D=dep&typ%5B%5D=article&sys%5B%5D=sz&catsz%5B%5D=alles&time=2013-01-01T00%3A00%2F2013-06-19T23%3A59&startDate=01.08.2022&endDate=31.01.2023;Rede ohne Überzeugungskraft;07.11.2022;;https://www.sueddeutsche.de/kolumne/leserbriefe-bundespraesident-steinmeier-1.5688350;
1685234120-238;https://www.sueddeutsche.de/news/page/3?search=B%C3%BCrgergeld&sort=date&all%5B%5D=dep&typ%5B%5D=article&sys%5B%5D=sz&catsz%5B%5D=alles&time=2013-01-01T00%3A00%2F2013-06-19T23%3A59&startDate=01.08.2022&endDate=31.01.2023;Vergiftetes Angebot;07.11.2022;;https://www.sueddeutsche.de/meinung/buergergeld-union-ampelregierung-1.5688714;
1685234120-239;https://www.sueddeutsche.de/news/page/3?search=B%C3%BCrgergeld&sort=date&all%5B%5D=dep&typ%5B%5D=article&sys%5B%5D=sz&catsz%5B%5D=alles&time=2013-01-01T00%3A00%2F2013-06-19T23%3A59&startDate=01.08.2022&endDate=31.01.2023;Nachrichten am 7. November 2022;07.11.2022;;https://www.sueddeutsche.de/politik/news-nachrichten-ukraine-1.5688883;
1685234120-240;https://www.sueddeutsche.de/news/page/3?search=B%C3%BCrgergeld&sort=date&all%5B%5D=dep&typ%5B%5D=article&sys%5B%5D=sz&catsz%5B%5D=alles&time=2013-01-01T00%3A00%2F2013-06-19T23%3A59&startDate=01.08.2022&endDate=31.01.2023;Einigung beim Bürgergeld nicht in Sicht;07.11.2022;;https://www.sueddeutsche.de/politik/buergergeld-merz-koalition-1.5688601;
1685234120-241;https://www.sueddeutsche.de/news/page/3?search=B%C3%BCrgergeld&sort=date&all%5B%5D=dep&typ%5B%5D=article&sys%5B%5D=sz&catsz%5B%5D=alles&time=2013-01-01T00%3A00%2F2013-06-19T23%3A59&startDate=01.08.2022&endDate=31.01.2023;Midterms: Düstere Aussichten für Amerikas Demokratie;07.11.2022;;https://www.sueddeutsche.de/politik/podcast-nachrichten-usa-midterms-duestere-aussichten-fuer-amerikas-demokratie-1.5688804;
1685234120-242;https://www.sueddeutsche.de/news/page/3?search=B%C3%BCrgergeld&sort=date&all%5B%5D=dep&typ%5B%5D=article&sys%5B%5D=sz&catsz%5B%5D=alles&time=2013-01-01T00%3A00%2F2013-06-19T23%3A59&startDate=01.08.2022&endDate=31.01.2023;SPD und FDP lehnen Merz' Vorschlag ab;07.11.2022;;https://www.sueddeutsche.de/politik/buergergeld-hartz-iv-ampel-merz-1.5688249;
1685234120-243;https://www.sueddeutsche.de/news/page/3?search=B%C3%BCrgergeld&sort=date&all%5B%5D=dep&typ%5B%5D=article&sys%5B%5D=sz&catsz%5B%5D=alles&time=2013-01-01T00%3A00%2F2013-06-19T23%3A59&startDate=01.08.2022&endDate=31.01.2023;Mehr als 121 Milliarden Euro für Gas- und Stromkunden;07.11.2022;;https://www.sueddeutsche.de/politik/gaspreisbremse-strompreisbremse-energiepreise-bundeshaushalt-1.5688528;
1685234120-244;https://www.sueddeutsche.de/news/page/3?search=B%C3%BCrgergeld&sort=date&all%5B%5D=dep&typ%5B%5D=article&sys%5B%5D=sz&catsz%5B%5D=alles&time=2013-01-01T00%3A00%2F2013-06-19T23%3A59&startDate=01.08.2022&endDate=31.01.2023;Auf der Suche nach dem richtigen Weg;05.11.2022;;https://www.sueddeutsche.de/politik/spd-debattenkonvent-lars-klingbeil-olaf-scholz-1.5687708;
1685234120-245;https://www.sueddeutsche.de/news/page/3?search=B%C3%BCrgergeld&sort=date&all%5B%5D=dep&typ%5B%5D=article&sys%5B%5D=sz&catsz%5B%5D=alles&time=2013-01-01T00%3A00%2F2013-06-19T23%3A59&startDate=01.08.2022&endDate=31.01.2023;War da was?;05.11.2022;;https://www.sueddeutsche.de/politik/cdu-sachsen-kretschmer-1.5687689;
1685234120-246;https://www.sueddeutsche.de/news/page/3?search=B%C3%BCrgergeld&sort=date&all%5B%5D=dep&typ%5B%5D=article&sys%5B%5D=sz&catsz%5B%5D=alles&time=2013-01-01T00%3A00%2F2013-06-19T23%3A59&startDate=01.08.2022&endDate=31.01.2023;"Schäbigkeitswettbewerb" - Lindner attackiert die Union;05.11.2022;;https://www.sueddeutsche.de/politik/buergergeld-schonvermoegen-cdu-1.5687625;
1685234120-247;https://www.sueddeutsche.de/news/page/3?search=B%C3%BCrgergeld&sort=date&all%5B%5D=dep&typ%5B%5D=article&sys%5B%5D=sz&catsz%5B%5D=alles&time=2013-01-01T00%3A00%2F2013-06-19T23%3A59&startDate=01.08.2022&endDate=31.01.2023;Kompromiss mit Verschärfungen;04.11.2022;;https://www.sueddeutsche.de/politik/buergergeld-kompromiss-mit-verschaerfungen-1.5687487;
1685234120-248;https://www.sueddeutsche.de/news/page/3?search=B%C3%BCrgergeld&sort=date&all%5B%5D=dep&typ%5B%5D=article&sys%5B%5D=sz&catsz%5B%5D=alles&time=2013-01-01T00%3A00%2F2013-06-19T23%3A59&startDate=01.08.2022&endDate=31.01.2023;Gescheiterte Nostalgie;04.11.2022;;https://www.sueddeutsche.de/medien/maybrit-illner-nachtikritik-fluechtlinge-1.5686526;
1685234120-249;https://www.sueddeutsche.de/news/page/3?search=B%C3%BCrgergeld&sort=date&all%5B%5D=dep&typ%5B%5D=article&sys%5B%5D=sz&catsz%5B%5D=alles&time=2013-01-01T00%3A00%2F2013-06-19T23%3A59&startDate=01.08.2022&endDate=31.01.2023;Städte fordern Kompromiss;01.11.2022;;https://www.sueddeutsche.de/politik/buergergeld-staedte-fordern-kompromiss-1.5685246;
1685234120-250;https://www.sueddeutsche.de/news/page/3?search=B%C3%BCrgergeld&sort=date&all%5B%5D=dep&typ%5B%5D=article&sys%5B%5D=sz&catsz%5B%5D=alles&time=2013-01-01T00%3A00%2F2013-06-19T23%3A59&startDate=01.08.2022&endDate=31.01.2023;Nachrichten des Tages - die Übersicht für Eilige;31.10.2022;;https://www.sueddeutsche.de/politik/news-nachrichten-lula-brasilien-twitter-musk-indien-bruecke-1.5684714;
1685234120-251;https://www.sueddeutsche.de/news/page/3?search=B%C3%BCrgergeld&sort=date&all%5B%5D=dep&typ%5B%5D=article&sys%5B%5D=sz&catsz%5B%5D=alles&time=2013-01-01T00%3A00%2F2013-06-19T23%3A59&startDate=01.08.2022&endDate=31.01.2023;Söder: "Bürgergeld geht einfach in die falsche Richtung";31.10.2022;;https://www.sueddeutsche.de/politik/buergergeld-hart-iv-reform-soeder-1.5684702;
1685234120-252;https://www.sueddeutsche.de/news/page/3?search=B%C3%BCrgergeld&sort=date&all%5B%5D=dep&typ%5B%5D=article&sys%5B%5D=sz&catsz%5B%5D=alles&time=2013-01-01T00%3A00%2F2013-06-19T23%3A59&startDate=01.08.2022&endDate=31.01.2023;Spaltungspotenzial;30.10.2022;;https://www.sueddeutsche.de/politik/buergergeld-hubertus-heil-cdu-1.5684542;
1685234120-253;https://www.sueddeutsche.de/news/page/3?search=B%C3%BCrgergeld&sort=date&all%5B%5D=dep&typ%5B%5D=article&sys%5B%5D=sz&catsz%5B%5D=alles&time=2013-01-01T00%3A00%2F2013-06-19T23%3A59&startDate=01.08.2022&endDate=31.01.2023;Die Welt umkrempeln - aber nur ein bisschen;30.10.2022;;https://www.sueddeutsche.de/politik/jusos-spd-scholz-kuehnert-1.5684253;
1685234123-355;https://www.sueddeutsche.de/news/page/2?search=B%C3%BCrgergeld&sort=date&all%5B%5D=dep&typ%5B%5D=article&sys%5B%5D=sz&catsz%5B%5D=alles&time=2013-01-01T00%3A00%2F2013-06-19T23%3A59&startDate=01.08.2022&endDate=31.01.2023;Mit "Wärmewinter" gegen Armut und Kälte;11.12.2022;;https://www.sueddeutsche.de/muenchen/wolfratshausen/diakonie-oberland-waermewinter-energiekrise-inflation-1.5713292;
1685234123-356;https://www.sueddeutsche.de/news/page/2?search=B%C3%BCrgergeld&sort=date&all%5B%5D=dep&typ%5B%5D=article&sys%5B%5D=sz&catsz%5B%5D=alles&time=2013-01-01T00%3A00%2F2013-06-19T23%3A59&startDate=01.08.2022&endDate=31.01.2023;Deutsche Wähler lieben die Sicherheit - und den Erfolg;08.12.2022;;https://www.sueddeutsche.de/meinung/ampel-koalition-opposition-cdu-csu-friedrich-merz-olaf-scholz-umfragen-waehler-1.5711656;
1685234123-357;https://www.sueddeutsche.de/news/page/2?search=B%C3%BCrgergeld&sort=date&all%5B%5D=dep&typ%5B%5D=article&sys%5B%5D=sz&catsz%5B%5D=alles&time=2013-01-01T00%3A00%2F2013-06-19T23%3A59&startDate=01.08.2022&endDate=31.01.2023;Welche Vorhaben die Ampel schon umgesetzt hat - und welche nicht;08.12.2022;;https://www.sueddeutsche.de/politik/ampelkoalition-regierungsvorhaben-umsetzung-1.5706347;
1685234123-358;https://www.sueddeutsche.de/news/page/2?search=B%C3%BCrgergeld&sort=date&all%5B%5D=dep&typ%5B%5D=article&sys%5B%5D=sz&catsz%5B%5D=alles&time=2013-01-01T00%3A00%2F2013-06-19T23%3A59&startDate=01.08.2022&endDate=31.01.2023;Bäcker fürchten um ihre Existenz;06.12.2022;;https://www.sueddeutsche.de/muenchen/fuerstenfeldbruck/baeckrinnung-baecker-konditor-fachverkaeuferin-auszubildende-lehre-vietnam-fuerstenfeldbruck-1.5703169;
1685234123-359;https://www.sueddeutsche.de/news/page/2?search=B%C3%BCrgergeld&sort=date&all%5B%5D=dep&typ%5B%5D=article&sys%5B%5D=sz&catsz%5B%5D=alles&time=2013-01-01T00%3A00%2F2013-06-19T23%3A59&startDate=01.08.2022&endDate=31.01.2023;Hilfen für mehr Menschen;06.12.2022;;https://www.sueddeutsche.de/muenchen/muenchen-armut-muenchner-armutsbericht-stadtrat-1.5710545;
1685234123-360;https://www.sueddeutsche.de/news/page/2?search=B%C3%BCrgergeld&sort=date&all%5B%5D=dep&typ%5B%5D=article&sys%5B%5D=sz&catsz%5B%5D=alles&time=2013-01-01T00%3A00%2F2013-06-19T23%3A59&startDate=01.08.2022&endDate=31.01.2023;Gibt es ein Recht auf Wärme?;05.12.2022;;https://www.sueddeutsche.de/panorama/heizung-kalt-arbeitsplatz-1.5708214;
1685234123-361;https://www.sueddeutsche.de/news/page/2?search=B%C3%BCrgergeld&sort=date&all%5B%5D=dep&typ%5B%5D=article&sys%5B%5D=sz&catsz%5B%5D=alles&time=2013-01-01T00%3A00%2F2013-06-19T23%3A59&startDate=01.08.2022&endDate=31.01.2023;Kämmerer sieht Handlungsfähigkeit des Landkreises in Gefahr;04.12.2022;;https://www.sueddeutsche.de/muenchen/dachau/landkreis-dachau-haushalt-kreistag-1.5709246;
1685234123-362;https://www.sueddeutsche.de/news/page/2?search=B%C3%BCrgergeld&sort=date&all%5B%5D=dep&typ%5B%5D=article&sys%5B%5D=sz&catsz%5B%5D=alles&time=2013-01-01T00%3A00%2F2013-06-19T23%3A59&startDate=01.08.2022&endDate=31.01.2023;Olaf Scholz, der Großkrisenkanzler;04.12.2022;;https://www.sueddeutsche.de/meinung/kommentar-olaf-scholz-christian-lindner-robert-habeck-ampel-union-1.5708357;
1685234123-363;https://www.sueddeutsche.de/news/page/2?search=B%C3%BCrgergeld&sort=date&all%5B%5D=dep&typ%5B%5D=article&sys%5B%5D=sz&catsz%5B%5D=alles&time=2013-01-01T00%3A00%2F2013-06-19T23%3A59&startDate=01.08.2022&endDate=31.01.2023;Ein Leben als Assitussi;03.12.2022;;https://www.sueddeutsche.de/kultur/eva-mueller-scheiblettenkind-graphic-novel-klassismus-rezension-1.5706427;
1685234123-364;https://www.sueddeutsche.de/news/page/2?search=B%C3%BCrgergeld&sort=date&all%5B%5D=dep&typ%5B%5D=article&sys%5B%5D=sz&catsz%5B%5D=alles&time=2013-01-01T00%3A00%2F2013-06-19T23%3A59&startDate=01.08.2022&endDate=31.01.2023;"Armut ist, wenn einfach nix mehr da ist";02.12.2022;;https://www.sueddeutsche.de/politik/inflation-energiekrise-armut-sozialberater-1.5708277;
1685234123-365;https://www.sueddeutsche.de/news/page/2?search=B%C3%BCrgergeld&sort=date&all%5B%5D=dep&typ%5B%5D=article&sys%5B%5D=sz&catsz%5B%5D=alles&time=2013-01-01T00%3A00%2F2013-06-19T23%3A59&startDate=01.08.2022&endDate=31.01.2023;"Ohne Arbeitskräfte aus Osteuropa schaut es mau aus";01.12.2022;;https://www.sueddeutsche.de/muenchen/landkreismuenchen/wirtschaft-handwerk-fachkraeftemangel-zuwanderungsgesetz-1.5707838;
1685234123-366;https://www.sueddeutsche.de/news/page/2?search=B%C3%BCrgergeld&sort=date&all%5B%5D=dep&typ%5B%5D=article&sys%5B%5D=sz&catsz%5B%5D=alles&time=2013-01-01T00%3A00%2F2013-06-19T23%3A59&startDate=01.08.2022&endDate=31.01.2023;"Würde ich Leutheusser-Schnarrenberger heißen, wäre mir das erspart geblieben";01.12.2022;;https://www.sueddeutsche.de/meinung/peter-hartz-hartz-iv-buergergeld-1.5706531;
1685234123-367;https://www.sueddeutsche.de/news/page/2?search=B%C3%BCrgergeld&sort=date&all%5B%5D=dep&typ%5B%5D=article&sys%5B%5D=sz&catsz%5B%5D=alles&time=2013-01-01T00%3A00%2F2013-06-19T23%3A59&startDate=01.08.2022&endDate=31.01.2023;Wo München reich ist und wo München arm ist;30.11.2022;;https://www.sueddeutsche.de/muenchen/muenchner-armutsbericht-sozialhilfe-hartz-iv-1.5706866;
1685234123-368;https://www.sueddeutsche.de/news/page/2?search=B%C3%BCrgergeld&sort=date&all%5B%5D=dep&typ%5B%5D=article&sys%5B%5D=sz&catsz%5B%5D=alles&time=2013-01-01T00%3A00%2F2013-06-19T23%3A59&startDate=01.08.2022&endDate=31.01.2023;Einwandern nach Punkten;30.11.2022;;https://www.sueddeutsche.de/wirtschaft/fachkraefte-zuwanderung-ampel-1.5706911;
1685234123-371;https://www.sueddeutsche.de/news/page/2?search=B%C3%BCrgergeld&sort=date&all%5B%5D=dep&typ%5B%5D=article&sys%5B%5D=sz&catsz%5B%5D=alles&time=2013-01-01T00%3A00%2F2013-06-19T23%3A59&startDate=01.08.2022&endDate=31.01.2023;Nachrichten des Tages - die Übersicht für Eilige;26.11.2022;;https://www.sueddeutsche.de/politik/news-ukraine-buergergeld-selenskij-klitschko-deutschland-spanien-1.5703952;
1685234123-372;https://www.sueddeutsche.de/news/page/2?search=B%C3%BCrgergeld&sort=date&all%5B%5D=dep&typ%5B%5D=article&sys%5B%5D=sz&catsz%5B%5D=alles&time=2013-01-01T00%3A00%2F2013-06-19T23%3A59&startDate=01.08.2022&endDate=31.01.2023;Ein Albtraum soll enden;26.11.2022;;https://www.sueddeutsche.de/politik/buergergeld-bundestag-beschlossen-1.5703750;
1685234123-373;https://www.sueddeutsche.de/news/page/2?search=B%C3%BCrgergeld&sort=date&all%5B%5D=dep&typ%5B%5D=article&sys%5B%5D=sz&catsz%5B%5D=alles&time=2013-01-01T00%3A00%2F2013-06-19T23%3A59&startDate=01.08.2022&endDate=31.01.2023;Lohnt sich Arbeit noch?;25.11.2022;;https://www.sueddeutsche.de/kolumne/leserbriefe-soziales-und-gesellschaft-buergergeld-1.5703580;
1685234123-374;https://www.sueddeutsche.de/news/page/2?search=B%C3%BCrgergeld&sort=date&all%5B%5D=dep&typ%5B%5D=article&sys%5B%5D=sz&catsz%5B%5D=alles&time=2013-01-01T00%3A00%2F2013-06-19T23%3A59&startDate=01.08.2022&endDate=31.01.2023;Nachrichten am 25. November 2022;25.11.2022;;https://www.sueddeutsche.de/politik/news-nachrichten-ukraine-1.5703880;
1685234123-375;https://www.sueddeutsche.de/news/page/2?search=B%C3%BCrgergeld&sort=date&all%5B%5D=dep&typ%5B%5D=article&sys%5B%5D=sz&catsz%5B%5D=alles&time=2013-01-01T00%3A00%2F2013-06-19T23%3A59&startDate=01.08.2022&endDate=31.01.2023;Das haben Bundestag und Bundesrat beschlossen;25.11.2022;;https://www.sueddeutsche.de/politik/buergergeld-beschlossen-bundesrat-bundestag-1.5703237;
1685234123-376;https://www.sueddeutsche.de/news/page/2?search=B%C3%BCrgergeld&sort=date&all%5B%5D=dep&typ%5B%5D=article&sys%5B%5D=sz&catsz%5B%5D=alles&time=2013-01-01T00%3A00%2F2013-06-19T23%3A59&startDate=01.08.2022&endDate=31.01.2023;"Ohne die Flüchtlingswelle hätten wir ein noch größeres Fachkräfteproblem";24.11.2022;;https://www.sueddeutsche.de/wirtschaft/andrea-nahles-interview-buergergeld-arbeitsagentur-fluechtlinge-1.5702524;
1685234123-377;https://www.sueddeutsche.de/news/page/2?search=B%C3%BCrgergeld&sort=date&all%5B%5D=dep&typ%5B%5D=article&sys%5B%5D=sz&catsz%5B%5D=alles&time=2013-01-01T00%3A00%2F2013-06-19T23%3A59&startDate=01.08.2022&endDate=31.01.2023;Nachrichten des Tages - die Übersicht für Eilige;24.11.2022;;https://www.sueddeutsche.de/politik/news-ukraine-lambrecht-serbien-kosovo-kanada-belgien-wm-1.5702275;
1685234123-378;https://www.sueddeutsche.de/news/page/2?search=B%C3%BCrgergeld&sort=date&all%5B%5D=dep&typ%5B%5D=article&sys%5B%5D=sz&catsz%5B%5D=alles&time=2013-01-01T00%3A00%2F2013-06-19T23%3A59&startDate=01.08.2022&endDate=31.01.2023;Wie Abgeordnete über Twitter denken;24.11.2022;;https://www.sueddeutsche.de/politik/twitter-elon-musk-bundestag-abgeordnete-1.5701910;
1685234123-379;https://www.sueddeutsche.de/news/page/2?search=B%C3%BCrgergeld&sort=date&all%5B%5D=dep&typ%5B%5D=article&sys%5B%5D=sz&catsz%5B%5D=alles&time=2013-01-01T00%3A00%2F2013-06-19T23%3A59&startDate=01.08.2022&endDate=31.01.2023;Bürgergeld für FDP ein Meilenstein;23.11.2022;;https://www.sueddeutsche.de/muenchen/fuerstenfeldbruck/fuerstenfeldbruck-puchheim-buergergeld-ulrich-bode-1.5701881;
1685234123-380;https://www.sueddeutsche.de/news/page/2?search=B%C3%BCrgergeld&sort=date&all%5B%5D=dep&typ%5B%5D=article&sys%5B%5D=sz&catsz%5B%5D=alles&time=2013-01-01T00%3A00%2F2013-06-19T23%3A59&startDate=01.08.2022&endDate=31.01.2023;Friedrich Merz, der Chefmotivator des Kanzlers;23.11.2022;;https://www.sueddeutsche.de/politik/friedrich-merz-olaf-scholz-bundestag-generaldebatte-1.5702117;
1685234123-381;https://www.sueddeutsche.de/news/page/2?search=B%C3%BCrgergeld&sort=date&all%5B%5D=dep&typ%5B%5D=article&sys%5B%5D=sz&catsz%5B%5D=alles&time=2013-01-01T00%3A00%2F2013-06-19T23%3A59&startDate=01.08.2022&endDate=31.01.2023;Bürgergeld-Kompromiss: Die größte Sozialreform seit 20 Jahren;23.11.2022;;https://www.sueddeutsche.de/politik/podcast-nachrichten-buergergeld-hartz-iv-sozialreform-ampel-koalition-union-1.5702129;
1685234123-382;https://www.sueddeutsche.de/news/page/2?search=B%C3%BCrgergeld&sort=date&all%5B%5D=dep&typ%5B%5D=article&sys%5B%5D=sz&catsz%5B%5D=alles&time=2013-01-01T00%3A00%2F2013-06-19T23%3A59&startDate=01.08.2022&endDate=31.01.2023;Ein Friedensangebot;23.11.2022;;https://www.sueddeutsche.de/meinung/buergergeld-hartz-iv-arbeitslosigkeit-1.5702007;
1685234123-383;https://www.sueddeutsche.de/news/page/2?search=B%C3%BCrgergeld&sort=date&all%5B%5D=dep&typ%5B%5D=article&sys%5B%5D=sz&catsz%5B%5D=alles&time=2013-01-01T00%3A00%2F2013-06-19T23%3A59&startDate=01.08.2022&endDate=31.01.2023;Bürgergeld passiert den Vermittlungsausschuss;23.11.2022;;https://www.sueddeutsche.de/politik/buergergeld-hartz-iv-bundesrat-1.5701694;
1685234123-384;https://www.sueddeutsche.de/news/page/2?search=B%C3%BCrgergeld&sort=date&all%5B%5D=dep&typ%5B%5D=article&sys%5B%5D=sz&catsz%5B%5D=alles&time=2013-01-01T00%3A00%2F2013-06-19T23%3A59&startDate=01.08.2022&endDate=31.01.2023;Scholz und sein Merz;23.11.2022;;https://www.sueddeutsche.de/meinung/bundeshaushalt-bundestag-bundeskanzler-olaf-scholz-friedrich-merz-opposition-gaspreisbremse-buergergeld-kommentar-generaldebatte-1.5701767;
1685234123-385;https://www.sueddeutsche.de/news/page/2?search=B%C3%BCrgergeld&sort=date&all%5B%5D=dep&typ%5B%5D=article&sys%5B%5D=sz&catsz%5B%5D=alles&time=2013-01-01T00%3A00%2F2013-06-19T23%3A59&startDate=01.08.2022&endDate=31.01.2023;Vertrauen ist gut . . .;22.11.2022;;https://www.sueddeutsche.de/politik/buergergeld-1.5701183;
1685234123-386;https://www.sueddeutsche.de/news/page/2?search=B%C3%BCrgergeld&sort=date&all%5B%5D=dep&typ%5B%5D=article&sys%5B%5D=sz&catsz%5B%5D=alles&time=2013-01-01T00%3A00%2F2013-06-19T23%3A59&startDate=01.08.2022&endDate=31.01.2023;Nachrichten am 22. November 2022;22.11.2022;;https://www.sueddeutsche.de/politik/news-nachrichten-ukraine-gaspreisbremse-buergergeld-scholz-handelsabkommen-1.5701282;
1685234123-387;https://www.sueddeutsche.de/news/page/2?search=B%C3%BCrgergeld&sort=date&all%5B%5D=dep&typ%5B%5D=article&sys%5B%5D=sz&catsz%5B%5D=alles&time=2013-01-01T00%3A00%2F2013-06-19T23%3A59&startDate=01.08.2022&endDate=31.01.2023;Debatte um die "One Love"-Binde: DFB in Bedrängnis;22.11.2022;;https://www.sueddeutsche.de/sport/podcast-nachrichten-dfb-fifa-weltmeisterschaft-manuel-neuer-one-love-1.5701198;
1685234123-388;https://www.sueddeutsche.de/news/page/2?search=B%C3%BCrgergeld&sort=date&all%5B%5D=dep&typ%5B%5D=article&sys%5B%5D=sz&catsz%5B%5D=alles&time=2013-01-01T00%3A00%2F2013-06-19T23%3A59&startDate=01.08.2022&endDate=31.01.2023;Merz am Machthebel;22.11.2022;;https://www.sueddeutsche.de/meinung/buergergeld-hartz-iv-sozialreform-ampel-bundesregierung-gruene-vertrauenszeit-schonvermoegen-cdu-friedrich-merz-1.5701132;
1685234123-389;https://www.sueddeutsche.de/news/page/2?search=B%C3%BCrgergeld&sort=date&all%5B%5D=dep&typ%5B%5D=article&sys%5B%5D=sz&catsz%5B%5D=alles&time=2013-01-01T00%3A00%2F2013-06-19T23%3A59&startDate=01.08.2022&endDate=31.01.2023;Rettet die Globalisierung;22.11.2022;;https://www.sueddeutsche.de/wirtschaft/globalisierung-wirtschaft-abhaengigkeit-autarkie-kommentar-1.5701034;
1685234123-390;https://www.sueddeutsche.de/news/page/2?search=B%C3%BCrgergeld&sort=date&all%5B%5D=dep&typ%5B%5D=article&sys%5B%5D=sz&catsz%5B%5D=alles&time=2013-01-01T00%3A00%2F2013-06-19T23%3A59&startDate=01.08.2022&endDate=31.01.2023;Ampel und Union einigen sich beim Bürgergeld;22.11.2022;;https://www.sueddeutsche.de/politik/buergergeld-einigung-ampel-union-1.5700647;
1685234123-391;https://www.sueddeutsche.de/news/page/2?search=B%C3%BCrgergeld&sort=date&all%5B%5D=dep&typ%5B%5D=article&sys%5B%5D=sz&catsz%5B%5D=alles&time=2013-01-01T00%3A00%2F2013-06-19T23%3A59&startDate=01.08.2022&endDate=31.01.2023;Söder dringt auf schnelle Änderungen bei der Erbschaftssteuer;22.11.2022;;https://www.sueddeutsche.de/bayern/bayern-jahressteuergesetz-markus-soeder-csu-erbschaftssteuer-1.5700239;
1685234123-392;https://www.sueddeutsche.de/news/page/2?search=B%C3%BCrgergeld&sort=date&all%5B%5D=dep&typ%5B%5D=article&sys%5B%5D=sz&catsz%5B%5D=alles&time=2013-01-01T00%3A00%2F2013-06-19T23%3A59&startDate=01.08.2022&endDate=31.01.2023;Nachrichten des Tages - die Übersicht für Eilige;22.11.2022;;https://www.sueddeutsche.de/politik/news-ukraine-corona-impfpflicht-buergergeld-1.5700551;
1685234123-393;https://www.sueddeutsche.de/news/page/2?search=B%C3%BCrgergeld&sort=date&all%5B%5D=dep&typ%5B%5D=article&sys%5B%5D=sz&catsz%5B%5D=alles&time=2013-01-01T00%3A00%2F2013-06-19T23%3A59&startDate=01.08.2022&endDate=31.01.2023;Letzter Angriff aufs Bürgergeld;22.11.2022;;https://www.sueddeutsche.de/wirtschaft/buergergeld-arbeitgeber-hubertus-heil-1.5700373;
1685234123-394;https://www.sueddeutsche.de/news/page/2?search=B%C3%BCrgergeld&sort=date&all%5B%5D=dep&typ%5B%5D=article&sys%5B%5D=sz&catsz%5B%5D=alles&time=2013-01-01T00%3A00%2F2013-06-19T23%3A59&startDate=01.08.2022&endDate=31.01.2023;Worum die Union und die Ampel ringen;21.11.2022;;https://www.sueddeutsche.de/politik/buergergeld-ampel-union-uebersicht-1.5700518;
1685234123-395;https://www.sueddeutsche.de/news/page/2?search=B%C3%BCrgergeld&sort=date&all%5B%5D=dep&typ%5B%5D=article&sys%5B%5D=sz&catsz%5B%5D=alles&time=2013-01-01T00%3A00%2F2013-06-19T23%3A59&startDate=01.08.2022&endDate=31.01.2023;Draufhauen war gestern;19.11.2022;;https://www.sueddeutsche.de/politik/junge-union-deutschlandtag-cdu-johannes-winkel-tilman-kuban-1.5699247;
1685234123-396;https://www.sueddeutsche.de/news/page/2?search=B%C3%BCrgergeld&sort=date&all%5B%5D=dep&typ%5B%5D=article&sys%5B%5D=sz&catsz%5B%5D=alles&time=2013-01-01T00%3A00%2F2013-06-19T23%3A59&startDate=01.08.2022&endDate=31.01.2023;Das Bürgergeld entgiftet die Agenda 2010;19.11.2022;;https://www.sueddeutsche.de/meinung/hartz-iv-agenda-2010-arbeitslosigkeit-sozialhilfe-arbeitslosengeld-eigentum-ausbildung-buergergeld-1.5697652;
1685234123-397;https://www.sueddeutsche.de/news/page/2?search=B%C3%BCrgergeld&sort=date&all%5B%5D=dep&typ%5B%5D=article&sys%5B%5D=sz&catsz%5B%5D=alles&time=2013-01-01T00%3A00%2F2013-06-19T23%3A59&startDate=01.08.2022&endDate=31.01.2023;Armes München, reiches München;19.11.2022;;https://www.sueddeutsche.de/muenchen/muenchen-armut-tafel-strompreis-miete-1.5698886;
1685234123-398;https://www.sueddeutsche.de/news/page/2?search=B%C3%BCrgergeld&sort=date&all%5B%5D=dep&typ%5B%5D=article&sys%5B%5D=sz&catsz%5B%5D=alles&time=2013-01-01T00%3A00%2F2013-06-19T23%3A59&startDate=01.08.2022&endDate=31.01.2023;Johannes Winkel ist neuer Chef der Jungen Union;18.11.2022;;https://www.sueddeutsche.de/politik/ju-vorstand-cdu-deutschlandtag-1.5699053;
1685234123-399;https://www.sueddeutsche.de/news/page/2?search=B%C3%BCrgergeld&sort=date&all%5B%5D=dep&typ%5B%5D=article&sys%5B%5D=sz&catsz%5B%5D=alles&time=2013-01-01T00%3A00%2F2013-06-19T23%3A59&startDate=01.08.2022&endDate=31.01.2023;Gegen die Kinderarmut;18.11.2022;;https://www.sueddeutsche.de/muenchen/fuerstenfeldbruck/fuerstenfeldbruck-kinderarmut-buergergeld-1.5698783;
1685234123-400;https://www.sueddeutsche.de/news/page/2?search=B%C3%BCrgergeld&sort=date&all%5B%5D=dep&typ%5B%5D=article&sys%5B%5D=sz&catsz%5B%5D=alles&time=2013-01-01T00%3A00%2F2013-06-19T23%3A59&startDate=01.08.2022&endDate=31.01.2023;Nachrichten am 18. November 2022;18.11.2022;;https://www.sueddeutsche.de/politik/news-nachrichten-polizeigewalt-klimakonferenz-baerbock-nord-stream-sabotage-ukraine-1.5698965;
1685234123-401;https://www.sueddeutsche.de/news/page/2?search=B%C3%BCrgergeld&sort=date&all%5B%5D=dep&typ%5B%5D=article&sys%5B%5D=sz&catsz%5B%5D=alles&time=2013-01-01T00%3A00%2F2013-06-19T23%3A59&startDate=01.08.2022&endDate=31.01.2023;Mario Czaja, der "Kiezmacher" von Marzahn in der Kritik;18.11.2022;;https://www.sueddeutsche.de/politik/buergergeld-mario-czaja-cdu-berlin-1.5698930;
1685234123-402;https://www.sueddeutsche.de/news/page/2?search=B%C3%BCrgergeld&sort=date&all%5B%5D=dep&typ%5B%5D=article&sys%5B%5D=sz&catsz%5B%5D=alles&time=2013-01-01T00%3A00%2F2013-06-19T23%3A59&startDate=01.08.2022&endDate=31.01.2023;Die drei großen Probleme des Bürgergelds;18.11.2022;;https://www.sueddeutsche.de/wirtschaft/buergergeld-hartz-4-unterschied-1.5698859;
1685234123-403;https://www.sueddeutsche.de/news/page/2?search=B%C3%BCrgergeld&sort=date&all%5B%5D=dep&typ%5B%5D=article&sys%5B%5D=sz&catsz%5B%5D=alles&time=2013-01-01T00%3A00%2F2013-06-19T23%3A59&startDate=01.08.2022&endDate=31.01.2023;Position gefunden;17.11.2022;;https://www.sueddeutsche.de/muenchen/starnberg/starnberg-michael-kiessling-bundestag-csu-opposition-1.5698065;
1685234123-404;https://www.sueddeutsche.de/news/page/2?search=B%C3%BCrgergeld&sort=date&all%5B%5D=dep&typ%5B%5D=article&sys%5B%5D=sz&catsz%5B%5D=alles&time=2013-01-01T00%3A00%2F2013-06-19T23%3A59&startDate=01.08.2022&endDate=31.01.2023;Söders Tafel-Inszenierung ist scheinheilig und zynisch;17.11.2022;;https://www.sueddeutsche.de/bayern/soeder-bayern-hartz-iv-armut-arbeitslose-tafeln-buergergeld-1.5697695;
1685234144-505;https://www.sueddeutsche.de/news/page/1?search=B%C3%BCrgergeld&sort=date&all%5B%5D=dep&typ%5B%5D=article&sys%5B%5D=sz&catsz%5B%5D=alles&time=2013-01-01T00%3A00%2F2013-06-19T23%3A59&startDate=01.08.2022&endDate=31.01.2023;Warum sich die neue Grundsteuer in München ungerecht auswirkt;30.01.2023;;https://www.sueddeutsche.de/muenchen/muenchen-grundsteuer-finanzamt-immobilien-1.5741316;
1685234144-506;https://www.sueddeutsche.de/news/page/1?search=B%C3%BCrgergeld&sort=date&all%5B%5D=dep&typ%5B%5D=article&sys%5B%5D=sz&catsz%5B%5D=alles&time=2013-01-01T00%3A00%2F2013-06-19T23%3A59&startDate=01.08.2022&endDate=31.01.2023;Die Familien profitieren seit Jahren zu wenig vom Wohlstand;26.01.2023;;https://www.sueddeutsche.de/meinung/deutschland-kinder-armut-bertelsmann-kommentar-1.5739550;
1685234144-507;https://www.sueddeutsche.de/news/page/1?search=B%C3%BCrgergeld&sort=date&all%5B%5D=dep&typ%5B%5D=article&sys%5B%5D=sz&catsz%5B%5D=alles&time=2013-01-01T00%3A00%2F2013-06-19T23%3A59&startDate=01.08.2022&endDate=31.01.2023;"Wenn es nötig ist, dann streiken wir";23.01.2023;;https://www.sueddeutsche.de/politik/werneke-verdi-oeffentlicher-dienst-streik-inflation-lohn-gehalt-1.5736763;
1685234144-508;https://www.sueddeutsche.de/news/page/1?search=B%C3%BCrgergeld&sort=date&all%5B%5D=dep&typ%5B%5D=article&sys%5B%5D=sz&catsz%5B%5D=alles&time=2013-01-01T00%3A00%2F2013-06-19T23%3A59&startDate=01.08.2022&endDate=31.01.2023;Verdi-Chef Werneke droht mit Streiks im öffentlichen Dienst;22.01.2023;;https://www.sueddeutsche.de/politik/inflation-streik-oeffentlicher-dienst-verdi-1.5737035;
1685234144-509;https://www.sueddeutsche.de/news/page/1?search=B%C3%BCrgergeld&sort=date&all%5B%5D=dep&typ%5B%5D=article&sys%5B%5D=sz&catsz%5B%5D=alles&time=2013-01-01T00%3A00%2F2013-06-19T23%3A59&startDate=01.08.2022&endDate=31.01.2023;So soll die neue Grundsicherung für Kinder aussehen;20.01.2023;;https://www.sueddeutsche.de/politik/kindergrundsicherung-paus-1.5736322;
1685234144-510;https://www.sueddeutsche.de/news/page/1?search=B%C3%BCrgergeld&sort=date&all%5B%5D=dep&typ%5B%5D=article&sys%5B%5D=sz&catsz%5B%5D=alles&time=2013-01-01T00%3A00%2F2013-06-19T23%3A59&startDate=01.08.2022&endDate=31.01.2023;Wenn es an der Basis brodelt;20.01.2023;;https://www.sueddeutsche.de/politik/luetzerath-gruene-verrat-krieg-im-kosovo-hartziv-1.5736263;
1685234144-511;https://www.sueddeutsche.de/news/page/1?search=B%C3%BCrgergeld&sort=date&all%5B%5D=dep&typ%5B%5D=article&sys%5B%5D=sz&catsz%5B%5D=alles&time=2013-01-01T00%3A00%2F2013-06-19T23%3A59&startDate=01.08.2022&endDate=31.01.2023;"Eine wirkliche Hilfe ist es nicht";19.01.2023;;https://www.sueddeutsche.de/muenchen/freising/buergergeld-jobcenter-freising-armut-hartz-iv-diakonie-freising-caritas-freising-1.5735232;
1685234144-512;https://www.sueddeutsche.de/news/page/1?search=B%C3%BCrgergeld&sort=date&all%5B%5D=dep&typ%5B%5D=article&sys%5B%5D=sz&catsz%5B%5D=alles&time=2013-01-01T00%3A00%2F2013-06-19T23%3A59&startDate=01.08.2022&endDate=31.01.2023;Wie Kinderarmut künftig bekämpft werden soll;19.01.2023;;https://www.sueddeutsche.de/politik/kindergrundsicherung-kindergeld-lisa-paus-1.5735472;
1685234144-513;https://www.sueddeutsche.de/news/page/1?search=B%C3%BCrgergeld&sort=date&all%5B%5D=dep&typ%5B%5D=article&sys%5B%5D=sz&catsz%5B%5D=alles&time=2013-01-01T00%3A00%2F2013-06-19T23%3A59&startDate=01.08.2022&endDate=31.01.2023;SPD-Stammtisch zu Gaspreisbremse, Bürgergeld und Wohngeld;17.01.2023;;https://www.sueddeutsche.de/muenchen/landkreismuenchen/neubiberg-finanzielle-hilfsmassnahmen-spd-stammtisch-1.5734054;
1685234144-514;https://www.sueddeutsche.de/news/page/1?search=B%C3%BCrgergeld&sort=date&all%5B%5D=dep&typ%5B%5D=article&sys%5B%5D=sz&catsz%5B%5D=alles&time=2013-01-01T00%3A00%2F2013-06-19T23%3A59&startDate=01.08.2022&endDate=31.01.2023;"Die Intensität der Gespräche war sehr hoch";17.01.2023;;https://www.sueddeutsche.de/muenchen/heizkosten-stadtwerke-muenchen-diakonie-1.5733912;
1685234144-515;https://www.sueddeutsche.de/news/page/1?search=B%C3%BCrgergeld&sort=date&all%5B%5D=dep&typ%5B%5D=article&sys%5B%5D=sz&catsz%5B%5D=alles&time=2013-01-01T00%3A00%2F2013-06-19T23%3A59&startDate=01.08.2022&endDate=31.01.2023;Die Krawallnacht;16.01.2023;;https://www.sueddeutsche.de/kolumne/leserbriefe-silvester-randale-1.5733202;
1685234144-516;https://www.sueddeutsche.de/news/page/1?search=B%C3%BCrgergeld&sort=date&all%5B%5D=dep&typ%5B%5D=article&sys%5B%5D=sz&catsz%5B%5D=alles&time=2013-01-01T00%3A00%2F2013-06-19T23%3A59&startDate=01.08.2022&endDate=31.01.2023;Heil will ein Jahr bezahlte Bildungszeit für Arbeitnehmer;16.01.2023;;https://www.sueddeutsche.de/politik/heil-bildungszeit-fachkraeftemangel-ausbildungsgarantie-1.5732863;
1685234144-517;https://www.sueddeutsche.de/news/page/1?search=B%C3%BCrgergeld&sort=date&all%5B%5D=dep&typ%5B%5D=article&sys%5B%5D=sz&catsz%5B%5D=alles&time=2013-01-01T00%3A00%2F2013-06-19T23%3A59&startDate=01.08.2022&endDate=31.01.2023;Müssen Rewe, Lidl und Co. dafür sorgen, dass Nahrung günstig ist?;15.01.2023;;https://www.sueddeutsche.de/wirtschaft/lebensmittelpreise-rewe-lidl-aldi-edeka-inflation-dumpingpreise-corona-ukraine-krieg-diakonie-sozialverbaende-mehrwertsteuer-obst-und-gemuese-1.5731696;
1685234144-518;https://www.sueddeutsche.de/news/page/1?search=B%C3%BCrgergeld&sort=date&all%5B%5D=dep&typ%5B%5D=article&sys%5B%5D=sz&catsz%5B%5D=alles&time=2013-01-01T00%3A00%2F2013-06-19T23%3A59&startDate=01.08.2022&endDate=31.01.2023;Das Personalpuzzle des Kanzlers;14.01.2023;;https://www.sueddeutsche.de/politik/lambrecht-scholz-nachfolge-hoegl-klingbeil-heil-schmidt-moeller-1.5732249;
1685234144-519;https://www.sueddeutsche.de/news/page/1?search=B%C3%BCrgergeld&sort=date&all%5B%5D=dep&typ%5B%5D=article&sys%5B%5D=sz&catsz%5B%5D=alles&time=2013-01-01T00%3A00%2F2013-06-19T23%3A59&startDate=01.08.2022&endDate=31.01.2023;Eine Postfaschistin lullt Europa ein;12.01.2023;;https://www.sueddeutsche.de/politik/meloni-postfaschisten-italien-leise-regieren-1.5730337;
1685234144-520;https://www.sueddeutsche.de/news/page/1?search=B%C3%BCrgergeld&sort=date&all%5B%5D=dep&typ%5B%5D=article&sys%5B%5D=sz&catsz%5B%5D=alles&time=2013-01-01T00%3A00%2F2013-06-19T23%3A59&startDate=01.08.2022&endDate=31.01.2023;Neue Rollen angenommen;09.01.2023;;https://www.sueddeutsche.de/muenchen/fuerstenfeldbruck/michael-schrodi-carmen-wegge-michasel-kiessling-bundestag-1.5728790;
1685234144-521;https://www.sueddeutsche.de/news/page/1?search=B%C3%BCrgergeld&sort=date&all%5B%5D=dep&typ%5B%5D=article&sys%5B%5D=sz&catsz%5B%5D=alles&time=2013-01-01T00%3A00%2F2013-06-19T23%3A59&startDate=01.08.2022&endDate=31.01.2023;Der Wahlkampf ist eröffnet;09.01.2023;;https://www.sueddeutsche.de/muenchen/erding/csu-kreisverband-erding-neujahrsempfang-stadthalle-martin-bayerstorfer-landrat-ulrike-scharf-landtagsabgeordnete-familienministerin-1.5729172;
1685234144-522;https://www.sueddeutsche.de/news/page/1?search=B%C3%BCrgergeld&sort=date&all%5B%5D=dep&typ%5B%5D=article&sys%5B%5D=sz&catsz%5B%5D=alles&time=2013-01-01T00%3A00%2F2013-06-19T23%3A59&startDate=01.08.2022&endDate=31.01.2023;Neue Wege und alte Probleme;08.01.2023;;https://www.sueddeutsche.de/politik/spd-klausur-erfolge-probleme-partei-1.5728534;
1685234144-523;https://www.sueddeutsche.de/news/page/1?search=B%C3%BCrgergeld&sort=date&all%5B%5D=dep&typ%5B%5D=article&sys%5B%5D=sz&catsz%5B%5D=alles&time=2013-01-01T00%3A00%2F2013-06-19T23%3A59&startDate=01.08.2022&endDate=31.01.2023;Schluss jetzt;08.01.2023;;https://www.sueddeutsche.de/medien/oeffentlich-rechtliche-ard-zdf-schlesinger-oeffentlich-rechtlicher-rundfunk-1.5726898;
1685234144-524;https://www.sueddeutsche.de/news/page/1?search=B%C3%BCrgergeld&sort=date&all%5B%5D=dep&typ%5B%5D=article&sys%5B%5D=sz&catsz%5B%5D=alles&time=2013-01-01T00%3A00%2F2013-06-19T23%3A59&startDate=01.08.2022&endDate=31.01.2023;Ohne Schutz;07.01.2023;;https://www.sueddeutsche.de/leben/armut-krankenversicherung-malteser-aerzte-der-welt-1.5719368;
1685234144-525;https://www.sueddeutsche.de/news/page/1?search=B%C3%BCrgergeld&sort=date&all%5B%5D=dep&typ%5B%5D=article&sys%5B%5D=sz&catsz%5B%5D=alles&time=2013-01-01T00%3A00%2F2013-06-19T23%3A59&startDate=01.08.2022&endDate=31.01.2023;Die Ärmeren kommen trotzdem nicht über die Runden;04.01.2023;;https://www.sueddeutsche.de/meinung/hartz-iv-buergergeld-inflation-bundesregierung-arme-allein-gelassen-1.5726612;
1685234144-526;https://www.sueddeutsche.de/news/page/1?search=B%C3%BCrgergeld&sort=date&all%5B%5D=dep&typ%5B%5D=article&sys%5B%5D=sz&catsz%5B%5D=alles&time=2013-01-01T00%3A00%2F2013-06-19T23%3A59&startDate=01.08.2022&endDate=31.01.2023;Wer mit Zuschüssen zu den Heizkosten rechnen darf;04.01.2023;;https://www.sueddeutsche.de/muenchen/muenchen-waermefonds-heizkosten-infos-zuschuesse-1.5726407;
1685234144-527;https://www.sueddeutsche.de/news/page/1?search=B%C3%BCrgergeld&sort=date&all%5B%5D=dep&typ%5B%5D=article&sys%5B%5D=sz&catsz%5B%5D=alles&time=2013-01-01T00%3A00%2F2013-06-19T23%3A59&startDate=01.08.2022&endDate=31.01.2023;Nachrichten des Tages - die Übersicht für Eilige;04.01.2023;;https://www.sueddeutsche.de/politik/news-ukraine-usa-mccarthy-republikaner-silvester-krawalle-berlin-russland-makijwka-tote-soldaten-1.5726507;
1685234144-528;https://www.sueddeutsche.de/news/page/1?search=B%C3%BCrgergeld&sort=date&all%5B%5D=dep&typ%5B%5D=article&sys%5B%5D=sz&catsz%5B%5D=alles&time=2013-01-01T00%3A00%2F2013-06-19T23%3A59&startDate=01.08.2022&endDate=31.01.2023;Versicherer fordern "Bürgerrente";03.01.2023;;https://www.sueddeutsche.de/wirtschaft/lebensversicherung-buergerrente-gdv-versicherungsbranche-1.5726350;
1685234144-529;https://www.sueddeutsche.de/news/page/1?search=B%C3%BCrgergeld&sort=date&all%5B%5D=dep&typ%5B%5D=article&sys%5B%5D=sz&catsz%5B%5D=alles&time=2013-01-01T00%3A00%2F2013-06-19T23%3A59&startDate=01.08.2022&endDate=31.01.2023;Trotz Hartz IV unter dem Existenzminimum;03.01.2023;;https://www.sueddeutsche.de/politik/hartz-iv-buergergeld-energiekrise-inflation-1.5726307;
1685234144-530;https://www.sueddeutsche.de/news/page/1?search=B%C3%BCrgergeld&sort=date&all%5B%5D=dep&typ%5B%5D=article&sys%5B%5D=sz&catsz%5B%5D=alles&time=2013-01-01T00%3A00%2F2013-06-19T23%3A59&startDate=01.08.2022&endDate=31.01.2023;Stabil trotz Krise;03.01.2023;;https://www.sueddeutsche.de/bayern/bayern-arbeitslosigkeit-krise-1.5726055;
1685234144-531;https://www.sueddeutsche.de/news/page/1?search=B%C3%BCrgergeld&sort=date&all%5B%5D=dep&typ%5B%5D=article&sys%5B%5D=sz&catsz%5B%5D=alles&time=2013-01-01T00%3A00%2F2013-06-19T23%3A59&startDate=01.08.2022&endDate=31.01.2023;Hilfe vom Staat: Warum viele auf das Geld verzichten;03.01.2023;;https://www.sueddeutsche.de/wirtschaft/wohngeld-grundsicherung-deutsche-geld-verzichten-1.5725367;
1685234144-532;https://www.sueddeutsche.de/news/page/1?search=B%C3%BCrgergeld&sort=date&all%5B%5D=dep&typ%5B%5D=article&sys%5B%5D=sz&catsz%5B%5D=alles&time=2013-01-01T00%3A00%2F2013-06-19T23%3A59&startDate=01.08.2022&endDate=31.01.2023;"Gehalt und Lebenshaltungskosten passen nicht mehr zusammen";01.01.2023;;https://www.sueddeutsche.de/muenchen/ebersberg/ebersberg-landrat-robert-niedergesaess-interview-1.5725013;
1685234144-533;https://www.sueddeutsche.de/news/page/1?search=B%C3%BCrgergeld&sort=date&all%5B%5D=dep&typ%5B%5D=article&sys%5B%5D=sz&catsz%5B%5D=alles&time=2013-01-01T00%3A00%2F2013-06-19T23%3A59&startDate=01.08.2022&endDate=31.01.2023;Verbesserungen auch fürs Amt;01.01.2023;;https://www.sueddeutsche.de/muenchen/ebersberg/landkreis-ebersberg-buergergeld-hartz-iv-jobcenter-benedikt-hoigt-1.5724926;
1685234144-534;https://www.sueddeutsche.de/news/page/1?search=B%C3%BCrgergeld&sort=date&all%5B%5D=dep&typ%5B%5D=article&sys%5B%5D=sz&catsz%5B%5D=alles&time=2013-01-01T00%3A00%2F2013-06-19T23%3A59&startDate=01.08.2022&endDate=31.01.2023;Zahl der Wohngeld-Bezieher steigt sprunghaft;01.01.2023;;https://www.sueddeutsche.de/muenchen/landkreismuenchen/landkreis-muenchen-sozialleistungen-buergergeld-wohngeld-1.5725138;
1685234144-535;https://www.sueddeutsche.de/news/page/1?search=B%C3%BCrgergeld&sort=date&all%5B%5D=dep&typ%5B%5D=article&sys%5B%5D=sz&catsz%5B%5D=alles&time=2013-01-01T00%3A00%2F2013-06-19T23%3A59&startDate=01.08.2022&endDate=31.01.2023;Bürgergeld startet;30.12.2022;;https://www.sueddeutsche.de/politik/agentur-fuer-arbeit-buergergeld-startet-1.5724548;
1685234144-538;https://www.sueddeutsche.de/news/page/1?search=B%C3%BCrgergeld&sort=date&all%5B%5D=dep&typ%5B%5D=article&sys%5B%5D=sz&catsz%5B%5D=alles&time=2013-01-01T00%3A00%2F2013-06-19T23%3A59&startDate=01.08.2022&endDate=31.01.2023;Tipps für Silvester / Was das neue Bürgergeld für Münchner bedeutet;27.12.2022;;https://www.sueddeutsche.de/muenchen/muenchen-silvester-tipps-buergergeld-1.5722720;
1685234144-539;https://www.sueddeutsche.de/news/page/1?search=B%C3%BCrgergeld&sort=date&all%5B%5D=dep&typ%5B%5D=article&sys%5B%5D=sz&catsz%5B%5D=alles&time=2013-01-01T00%3A00%2F2013-06-19T23%3A59&startDate=01.08.2022&endDate=31.01.2023;Zu Tisch mit Scholz;27.12.2022;;https://www.sueddeutsche.de/meinung/politik-merz-scholz-versoehnung-kommentar-1.5722689;
1685234144-540;https://www.sueddeutsche.de/news/page/1?search=B%C3%BCrgergeld&sort=date&all%5B%5D=dep&typ%5B%5D=article&sys%5B%5D=sz&catsz%5B%5D=alles&time=2013-01-01T00%3A00%2F2013-06-19T23%3A59&startDate=01.08.2022&endDate=31.01.2023;Hartz IV? - "Dafür bin ich zu stolz";27.12.2022;;https://www.sueddeutsche.de/politik/hartz-iv-grundsicherung-verzicht-1.5720953;
1685234144-541;https://www.sueddeutsche.de/news/page/1?search=B%C3%BCrgergeld&sort=date&all%5B%5D=dep&typ%5B%5D=article&sys%5B%5D=sz&catsz%5B%5D=alles&time=2013-01-01T00%3A00%2F2013-06-19T23%3A59&startDate=01.08.2022&endDate=31.01.2023;Mehr als ein Drittel der Mütter hat kein Vertrauen in die Bundesregierung;24.12.2022;;https://www.sueddeutsche.de/politik/muetter-vertrauen-familienpolitik-1.5720975;
1685234144-542;https://www.sueddeutsche.de/news/page/1?search=B%C3%BCrgergeld&sort=date&all%5B%5D=dep&typ%5B%5D=article&sys%5B%5D=sz&catsz%5B%5D=alles&time=2013-01-01T00%3A00%2F2013-06-19T23%3A59&startDate=01.08.2022&endDate=31.01.2023;Landkreis gibt Geld zur Sozialhilfe dazu;23.12.2022;;https://www.sueddeutsche.de/muenchen/fuerstenfeldbruck/fuerstenfeldbruck-sozialhilfe-regelsatz-1.5721294;
1685234144-543;https://www.sueddeutsche.de/news/page/1?search=B%C3%BCrgergeld&sort=date&all%5B%5D=dep&typ%5B%5D=article&sys%5B%5D=sz&catsz%5B%5D=alles&time=2013-01-01T00%3A00%2F2013-06-19T23%3A59&startDate=01.08.2022&endDate=31.01.2023;Mehr Armut, höhere Kosten: Was sich 2022 bei den Tafeln verändert hat;23.12.2022;;https://www.sueddeutsche.de/politik/podcast-nachrichten-tafel-armut-inflation-1.5721506;
1685234144-544;https://www.sueddeutsche.de/news/page/1?search=B%C3%BCrgergeld&sort=date&all%5B%5D=dep&typ%5B%5D=article&sys%5B%5D=sz&catsz%5B%5D=alles&time=2013-01-01T00%3A00%2F2013-06-19T23%3A59&startDate=01.08.2022&endDate=31.01.2023;"2023 muss das Jahr des Klimaschutzes werden";21.12.2022;;https://www.sueddeutsche.de/politik/ricarda-lang-gruenen-chefin-interview-klimaschutz-2023-1.5719812;
1685234144-545;https://www.sueddeutsche.de/news/page/1?search=B%C3%BCrgergeld&sort=date&all%5B%5D=dep&typ%5B%5D=article&sys%5B%5D=sz&catsz%5B%5D=alles&time=2013-01-01T00%3A00%2F2013-06-19T23%3A59&startDate=01.08.2022&endDate=31.01.2023;"Viele Menschen haben nur noch begrenzt Rücklagen";21.12.2022;;https://www.sueddeutsche.de/wirtschaft/schufa-birkholz-energiekrise-interview-forderung-politik-1.5719585;
1685234144-546;https://www.sueddeutsche.de/news/page/1?search=B%C3%BCrgergeld&sort=date&all%5B%5D=dep&typ%5B%5D=article&sys%5B%5D=sz&catsz%5B%5D=alles&time=2013-01-01T00%3A00%2F2013-06-19T23%3A59&startDate=01.08.2022&endDate=31.01.2023;Ein Jahr im Krisenmodus;18.12.2022;;https://www.sueddeutsche.de/muenchen/dachau/kreistag-jahresrueckblick-landkreis-dachau-1.5717453;
1685234144-547;https://www.sueddeutsche.de/news/page/1?search=B%C3%BCrgergeld&sort=date&all%5B%5D=dep&typ%5B%5D=article&sys%5B%5D=sz&catsz%5B%5D=alles&time=2013-01-01T00%3A00%2F2013-06-19T23%3A59&startDate=01.08.2022&endDate=31.01.2023;"Das Wichtigste ist, sich rechtzeitig Hilfe zu holen";17.12.2022;;https://www.sueddeutsche.de/muenchen/schuldnerberatung-krise-sz-adventskalender-1.5716935;
1685234144-548;https://www.sueddeutsche.de/news/page/1?search=B%C3%BCrgergeld&sort=date&all%5B%5D=dep&typ%5B%5D=article&sys%5B%5D=sz&catsz%5B%5D=alles&time=2013-01-01T00%3A00%2F2013-06-19T23%3A59&startDate=01.08.2022&endDate=31.01.2023;Leben am absoluten Existenzminimum;16.12.2022;;https://www.sueddeutsche.de/muenchen/freising/sz-adventskalender-spendenhilfswerk-caritas-freising-akuthilfe-inflation-energiepreise-menschen-in-not-1.5716946;
1685234144-549;https://www.sueddeutsche.de/news/page/1?search=B%C3%BCrgergeld&sort=date&all%5B%5D=dep&typ%5B%5D=article&sys%5B%5D=sz&catsz%5B%5D=alles&time=2013-01-01T00%3A00%2F2013-06-19T23%3A59&startDate=01.08.2022&endDate=31.01.2023;"Wir unterstützen jede Woche an die 600 Menschen";16.12.2022;;https://www.sueddeutsche.de/muenchen/wolfratshausen/tafel-bad-toelz-ukraine-inflationsrate-1.5716967;
1685234144-550;https://www.sueddeutsche.de/news/page/1?search=B%C3%BCrgergeld&sort=date&all%5B%5D=dep&typ%5B%5D=article&sys%5B%5D=sz&catsz%5B%5D=alles&time=2013-01-01T00%3A00%2F2013-06-19T23%3A59&startDate=01.08.2022&endDate=31.01.2023;"Weil noch weniger einfach nicht mehr geht";14.12.2022;;https://www.sueddeutsche.de/wirtschaft/armut-inflation-beratung-finanzielle-not-hilfe-1.5714547;
1685234144-551;https://www.sueddeutsche.de/news/page/1?search=B%C3%BCrgergeld&sort=date&all%5B%5D=dep&typ%5B%5D=article&sys%5B%5D=sz&catsz%5B%5D=alles&time=2013-01-01T00%3A00%2F2013-06-19T23%3A59&startDate=01.08.2022&endDate=31.01.2023;Ausgezeichnete Backkunst;13.12.2022;;https://www.sueddeutsche.de/muenchen/fuerstenfeldbruck/moorenweis-baecker-staatsehrenpreis-baeckerei-nau-grunertshofen-1.5714221;
1685234144-552;https://www.sueddeutsche.de/news/page/1?search=B%C3%BCrgergeld&sort=date&all%5B%5D=dep&typ%5B%5D=article&sys%5B%5D=sz&catsz%5B%5D=alles&time=2013-01-01T00%3A00%2F2013-06-19T23%3A59&startDate=01.08.2022&endDate=31.01.2023;"Die weltweiten Krisen fordern uns jeden Tag aufs Neue";13.12.2022;;https://www.sueddeutsche.de/muenchen/dachau/dachau-bundestagsabgeordnete-ampel-1.5714747;
1685234144-553;https://www.sueddeutsche.de/news/page/1?search=B%C3%BCrgergeld&sort=date&all%5B%5D=dep&typ%5B%5D=article&sys%5B%5D=sz&catsz%5B%5D=alles&time=2013-01-01T00%3A00%2F2013-06-19T23%3A59&startDate=01.08.2022&endDate=31.01.2023;Wie ein Dorf in Sachsen mit der deutschen Flüchtlingspolitik ringt;13.12.2022;;https://www.sueddeutsche.de/politik/fluechtlinge-gefluechtete-sachsen-balkanroute-1.5713463;
1685234144-554;https://www.sueddeutsche.de/news/page/1?search=B%C3%BCrgergeld&sort=date&all%5B%5D=dep&typ%5B%5D=article&sys%5B%5D=sz&catsz%5B%5D=alles&time=2013-01-01T00%3A00%2F2013-06-19T23%3A59&startDate=01.08.2022&endDate=31.01.2023;Unterschiedliche Bilanzen;11.12.2022;;https://www.sueddeutsche.de/muenchen/fuerstenfeldbruck/wahlkreis-fuerstenfeldbruck-katrin-staffler-beate-walter-rosenheimer-bundestag-ampelkoalition-tuerkenfeld-dachau-1.5711867;